# Blender 4.3.2
# www.blender.org
mtllib signature.mtl
o Obelisk
v 1.000000 1.000000 -1.000000
v 0.617102 -1.000000 -0.617102
v 1.000000 1.000000 1.000000
v 0.617102 -1.000000 0.617102
v -1.000000 1.000000 -1.000000
v -0.617102 -1.000000 -0.617102
v -1.000000 1.000000 1.000000
v -0.617102 -1.000000 0.617102
v 0.501149 7.768039 0.501149
v -0.501149 7.768039 0.501149
v 0.501149 7.768039 -0.501149
v -0.501149 7.768039 -0.501149
v 0.128641 8.390244 0.128641
v -0.128641 8.390244 0.128641
v 0.128641 8.390244 -0.128641
v -0.128641 8.390244 -0.128641
v 0.714513 1.168809 0.168302
v 0.715216 1.159442 0.206490
v 0.715161 1.160179 -0.079119
v 0.712114 1.200779 -0.163488
v 0.706839 1.271074 -0.214050
v 0.698716 1.379324 -0.204809
v 0.693126 1.453765 -0.103787
v 0.692721 1.459206 0.214871
v 0.693706 1.446087 0.164398
v 0.694390 1.436977 0.089342
v 0.693939 1.442984 0.019549
v 0.696319 1.411266 -0.085650
v 0.701279 1.345173 -0.139276
v 0.710143 1.227050 -0.129327
v 0.713795 1.178381 -0.052156
v 0.713488 1.182476 0.080549
v 0.670409 1.756552 -0.012647
v 0.668403 1.783275 -0.124075
v 0.663693 1.846046 -0.195296
v 0.656271 1.944959 -0.217633
v 0.650098 2.027212 -0.172088
v 0.647065 2.067626 -0.090682
v 0.646338 2.077308 0.032093
v 0.648801 2.044508 0.141300
v 0.653684 1.979426 0.202964
v 0.659235 1.905457 0.217739
v 0.664809 1.831181 0.188543
v 0.669062 1.774503 0.111870
v 0.668886 1.776840 -0.033269
v 0.666965 1.802439 0.073740
v 0.662754 1.858556 0.124952
v 0.657517 1.928353 0.140503
v 0.652237 1.998713 0.126687
v 0.648313 2.051003 0.066064
v 0.648488 2.048677 -0.040427
v 0.651496 2.008590 -0.103699
v 0.656649 1.939919 -0.136882
v 0.665039 1.828105 -0.122419
v 0.624782 2.364590 -0.012649
v 0.622776 2.391314 -0.124075
v 0.616660 2.472814 -0.208223
v 0.607549 2.594242 -0.205211
v 0.602581 2.660445 -0.133737
v 0.600479 2.688474 0.007746
v 0.603173 2.652546 0.141300
v 0.608057 2.587465 0.202964
v 0.613608 2.513495 0.217739
v 0.619181 2.439219 0.188543
v 0.623434 2.382542 0.111870
v 0.623259 2.384879 -0.033269
v 0.621338 2.410477 0.073740
v 0.617127 2.466594 0.124952
v 0.611890 2.536392 0.140503
v 0.606610 2.606752 0.126687
v 0.602686 2.659041 0.066065
v 0.602860 2.656716 -0.040426
v 0.605869 2.616629 -0.103699
v 0.611022 2.547958 -0.136882
v 0.619412 2.436144 -0.122419
v 0.568324 3.116958 -0.176050
v 0.567548 3.127302 -0.214166
v 0.567488 3.128091 -0.049062
v 0.568345 3.116674 -0.097037
v 0.576904 3.002620 -0.098071
v 0.577120 2.999733 -0.006927
v 0.574410 3.035855 0.077966
v 0.567886 3.122787 0.127566
v 0.560037 3.227393 0.106004
v 0.557115 3.266323 0.036126
v 0.556871 3.269588 -0.059481
v 0.558935 3.242075 -0.135255
v 0.562134 3.199443 -0.159261
v 0.556067 3.280295 -0.168683
v 0.555125 3.292868 0.020760
v 0.557777 3.257510 0.133742
v 0.562774 3.190916 0.192899
v 0.567824 3.123616 0.204455
v 0.573438 3.048806 0.178500
v 0.578066 2.987130 0.082032
v 0.579027 2.974329 -0.094219
v 0.577489 2.994816 -0.170396
v 0.533527 3.580667 -0.012649
v 0.531522 3.607391 -0.124075
v 0.526811 3.670162 -0.195296
v 0.519389 3.769075 -0.217633
v 0.513217 3.851328 -0.172088
v 0.510182 3.891743 -0.090680
v 0.509456 3.901424 0.032097
v 0.511919 3.868624 0.141300
v 0.516803 3.803543 0.202964
v 0.522353 3.729573 0.217739
v 0.527927 3.655297 0.188543
v 0.532180 3.598619 0.111869
v 0.532005 3.600956 -0.033269
v 0.530084 3.626555 0.073740
v 0.525873 3.682672 0.124952
v 0.520635 3.752470 0.140503
v 0.515355 3.822829 0.126687
v 0.511432 3.875118 0.066065
v 0.511606 3.872794 -0.040426
v 0.514614 3.832706 -0.103699
v 0.519767 3.764035 -0.136882
v 0.528158 3.652222 -0.122419
v 0.487900 4.188706 -0.012648
v 0.485895 4.215430 -0.124075
v 0.481184 4.278201 -0.195296
v 0.473762 4.377114 -0.217633
v 0.467590 4.459367 -0.172088
v 0.464607 4.499107 -0.092534
v 0.463845 4.509268 0.033073
v 0.466292 4.476663 0.141300
v 0.471175 4.411582 0.202964
v 0.476726 4.337612 0.217739
v 0.482300 4.263336 0.188543
v 0.486553 4.206658 0.111870
v 0.486377 4.208995 -0.033269
v 0.484457 4.234593 0.073740
v 0.480246 4.290710 0.124952
v 0.475008 4.360508 0.140503
v 0.469728 4.430868 0.126687
v 0.465804 4.483157 0.066065
v 0.465979 4.480833 -0.040426
v 0.468987 4.440745 -0.103699
v 0.474140 4.372074 -0.136882
v 0.482530 4.260261 -0.122419
v 0.440645 4.818433 0.042798
v 0.441425 4.808038 0.086502
v 0.441449 4.807727 -0.106631
v 0.440660 4.818232 -0.049029
v 0.416611 5.138714 -0.039726
v 0.417486 5.127062 -0.176290
v 0.419956 5.094140 -0.191895
v 0.414412 5.168026 -0.197372
v 0.414140 5.171651 0.185855
v 0.419601 5.098869 0.198285
v 0.417164 5.131347 0.171260
v 0.416611 5.138714 0.034389
v 0.349582 6.031968 0.231229
v 0.350224 6.023403 0.267102
v 0.350203 6.023682 0.136127
v 0.349362 6.034898 0.178717
v 0.335438 6.220443 0.152648
v 0.350645 6.017810 0.019460
v 0.335076 6.225270 -0.115212
v 0.349504 6.033005 -0.145167
v 0.349998 6.026418 -0.135762
v 0.350166 6.024183 -0.274784
v 0.349239 6.036535 -0.223018
v 0.326578 6.338523 -0.152291
v 0.344737 6.096531 0.002668
v 0.326569 6.338643 0.159704
v 0.303876 6.641051 0.042190
v 0.304571 6.631788 0.080790
v 0.304588 6.631569 -0.093911
v 0.303831 6.641653 -0.041998
v 0.282930 6.920181 -0.039154
v 0.282100 6.931245 -0.080332
v 0.282074 6.931584 0.082055
v 0.282919 6.920330 0.040073
v 0.262423 7.193464 0.034145
v 0.266294 7.141873 0.069010
v 0.268424 7.113492 0.112527
v 0.265830 7.148063 0.025096
v 0.259818 7.228182 -0.042710
v 0.233336 7.581078 -0.053280
v 0.232386 7.593749 -0.099635
v 0.232409 7.593433 0.087122
v 0.233373 7.580585 0.032252
v 0.164338 1.185719 -0.891960
v 0.202386 1.177582 -0.892575
v 0.193453 1.170827 -0.893079
v 0.154330 1.171785 -0.893022
v 0.130734 1.172536 -0.892951
v 0.126398 1.171225 -0.893114
v -0.091555 1.176212 -0.892668
v -0.195177 1.245599 -0.887467
v -0.224862 1.343760 -0.880101
v -0.171754 1.434712 -0.873287
v -0.084712 1.472992 -0.870398
v 0.210608 1.477232 -0.870105
v 0.200431 1.470839 -0.870567
v 0.163884 1.465269 -0.870985
v 0.079586 1.457052 -0.871596
v -0.002904 1.455651 -0.871720
v -0.083268 1.429512 -0.873666
v -0.132535 1.383249 -0.877138
v -0.142357 1.277690 -0.885059
v -0.118046 1.226807 -0.888877
v -0.052721 1.194369 -0.891311
v 0.076515 1.197756 -0.891055
v -0.021204 1.772401 -0.847936
v -0.126001 1.799015 -0.845939
v -0.196564 1.859170 -0.841424
v -0.220351 1.964607 -0.833526
v -0.169416 2.047713 -0.827276
v -0.092629 2.084169 -0.824537
v 0.043200 2.092314 -0.823925
v 0.145334 2.054533 -0.826765
v 0.209233 1.975757 -0.832676
v 0.202329 1.876667 -0.840112
v 0.124205 1.796023 -0.846163
v 0.032671 1.801732 -0.845735
v 0.097138 1.840791 -0.842804
v 0.134782 1.914482 -0.837281
v 0.118405 2.028876 -0.828715
v 0.040223 2.070340 -0.825579
v -0.044156 2.064634 -0.826007
v -0.113311 2.018585 -0.829459
v -0.140265 1.947465 -0.834799
v -0.128088 1.856469 -0.841627
v -0.080320 1.803845 -0.845576
v -0.021191 2.380440 -0.802308
v -0.125998 2.407053 -0.800312
v -0.196564 2.467210 -0.795797
v -0.220586 2.573073 -0.787848
v -0.169415 2.655753 -0.781649
v -0.059707 2.701728 -0.778211
v 0.106654 2.683839 -0.779541
v 0.179815 2.631360 -0.783486
v 0.212255 2.562661 -0.788635
v 0.202329 2.484705 -0.794484
v 0.124206 2.404063 -0.800536
v 0.032682 2.409775 -0.800107
v 0.097136 2.448827 -0.797177
v 0.134365 2.521456 -0.791727
v 0.115674 2.635767 -0.783149
v 0.059841 2.673375 -0.780327
v -0.034654 2.676353 -0.780103
v -0.100806 2.638403 -0.782951
v -0.138509 2.574430 -0.787751
v -0.128088 2.464508 -0.796000
v -0.080331 2.411891 -0.799948
v -0.181805 3.134526 -0.745723
v -0.214914 3.140548 -0.745271
v -0.215129 3.147696 -0.744734
v -0.144479 3.147215 -0.744772
v -0.054989 3.147128 -0.744775
v -0.058052 3.140256 -0.745292
v -0.100555 3.131244 -0.745968
v -0.102329 3.019112 -0.754383
v -0.062452 3.012780 -0.754869
v 0.003932 3.018222 -0.754449
v 0.078072 3.056983 -0.751541
v 0.119214 3.124902 -0.746444
v 0.116294 3.213012 -0.739832
v 0.055524 3.277375 -0.735005
v -0.071223 3.284547 -0.734465
v -0.143221 3.254445 -0.736723
v -0.163008 3.215877 -0.739617
v -0.171930 3.296591 -0.733561
v 0.026256 3.309195 -0.732618
v 0.161512 3.251916 -0.736910
v 0.200818 3.128600 -0.746167
v 0.137618 3.028454 -0.753681
v -0.008640 2.990140 -0.756563
v -0.170727 3.006657 -0.755322
v -0.115540 3.617236 -0.709499
v -0.196563 3.683286 -0.704543
v -0.220793 3.788367 -0.696658
v -0.144100 3.892488 -0.688844
v 0.041344 3.916811 -0.687019
v 0.145344 3.878643 -0.689883
v 0.209234 3.799870 -0.695794
v 0.202328 3.700782 -0.703230
v 0.145911 3.635440 -0.708133
v 0.034135 3.596004 -0.711093
v 0.032677 3.625851 -0.708853
v 0.097136 3.664905 -0.705922
v 0.134366 3.737534 -0.700472
v 0.115678 3.851840 -0.691895
v 0.059873 3.889442 -0.689073
v -0.034434 3.892516 -0.688842
v -0.100804 3.854482 -0.691696
v -0.138508 3.790509 -0.696497
v -0.128087 3.680585 -0.704746
v -0.080336 3.627972 -0.708694
v -0.021194 4.204557 -0.665427
v -0.126000 4.231170 -0.663430
v -0.196561 4.291322 -0.658916
v -0.220793 4.396407 -0.651030
v -0.169415 4.479869 -0.644767
v -0.094461 4.515720 -0.642074
v 0.041252 4.524868 -0.641386
v 0.145340 4.486684 -0.644256
v 0.209233 4.407910 -0.650167
v 0.202328 4.308821 -0.657603
v 0.124203 4.228179 -0.663654
v 0.032675 4.233890 -0.663226
v 0.097136 4.272943 -0.660295
v 0.134365 4.345571 -0.654845
v 0.115676 4.459881 -0.646267
v 0.059841 4.497495 -0.643445
v -0.034456 4.500547 -0.643216
v -0.100805 4.462521 -0.646069
v -0.138509 4.398547 -0.650870
v -0.128087 4.288624 -0.659118
v -0.080320 4.236001 -0.663067
v 0.039481 4.833884 -0.618202
v 0.081104 4.826963 -0.618721
v 0.077769 4.819694 -0.619266
v -0.109617 4.821109 -0.619161
v -0.104487 4.827896 -0.618652
v -0.053199 4.834336 -0.618169
v -0.043504 5.154653 -0.594132
v -0.176625 5.144523 -0.594892
v -0.195146 5.110561 -0.597440
v -0.200195 5.184750 -0.591873
v 0.181094 5.187722 -0.591650
v 0.195404 5.115606 -0.597062
v 0.166213 5.147902 -0.594638
v 0.030610 5.154661 -0.594131
v 0.227185 6.048300 -0.527072
v 0.253293 6.044157 -0.527435
v 0.261808 6.036589 -0.527948
v 0.132362 6.040195 -0.527690
v 0.174093 6.050322 -0.526921
v 0.148770 6.236266 -0.512967
v 0.015036 6.034433 -0.528113
v -0.118971 6.241057 -0.512608
v -0.140976 6.042597 -0.527501
v -0.277915 6.040532 -0.527657
v -0.225965 6.052924 -0.526725
v -0.155348 6.353893 -0.504141
v -0.001110 6.112471 -0.522257
v 0.155438 6.353846 -0.504144
v 0.038323 6.657114 -0.481387
v 0.070386 6.652245 -0.481753
v 0.075396 6.644602 -0.482326
v -0.006149 6.644361 -0.482346
v -0.092239 6.643474 -0.482411
v -0.096125 6.650782 -0.481862
v -0.046870 6.656459 -0.481437
v -0.044666 6.937458 -0.460350
v -0.080979 6.943976 -0.459861
v -0.081458 6.950893 -0.459347
v 0.075968 6.950621 -0.459362
v 0.074466 6.943655 -0.459884
v 0.037453 6.936717 -0.460406
v 0.034615 7.195290 -0.441002
v 0.108572 7.129298 -0.445954
v 0.035889 7.156530 -0.443911
v -0.042657 7.233335 -0.438147
v -0.058918 7.598549 -0.410742
v -0.103529 7.608929 -0.409964
v 0.080312 7.612944 -0.409662
v 0.080457 7.605577 -0.410214
v 0.030853 7.598215 -0.410767
v -0.713696 1.218926 -0.163931
v -0.714665 1.206013 -0.172550
v -0.715199 1.198919 -0.206550
v -0.715434 1.195720 -0.136310
v -0.715351 1.196750 0.072194
v -0.711889 1.243004 0.167189
v -0.706428 1.315781 0.215543
v -0.699565 1.407232 0.207990
v -0.695372 1.463103 0.160672
v -0.692863 1.496368 0.078794
v -0.692689 1.498868 -0.214795
v -0.693060 1.493999 -0.203000
v -0.693730 1.484997 -0.164951
v -0.694191 1.478854 -0.087157
v -0.694307 1.477312 0.012504
v -0.696593 1.446838 0.089730
v -0.700252 1.398075 0.132620
v -0.706833 1.310375 0.142059
v -0.711872 1.243230 0.107080
v -0.714293 1.210970 0.011292
v -0.713235 1.225068 -0.083357
v -0.669943 1.801990 0.078300
v -0.663317 1.890283 0.201454
v -0.654987 2.001287 0.212875
v -0.649797 2.070455 0.167319
v -0.646843 2.109823 0.079402
v -0.646407 2.115625 -0.034086
v -0.648524 2.087421 -0.134944
v -0.653297 2.023812 -0.200199
v -0.658842 1.949917 -0.218097
v -0.664435 1.875386 -0.192176
v -0.669293 1.810642 -0.107531
v -0.668077 1.826847 -0.042257
v -0.664806 1.870444 -0.107040
v -0.659559 1.940371 -0.138759
v -0.651825 2.043431 -0.126096
v -0.648436 2.088592 -0.063647
v -0.648078 2.093360 0.017005
v -0.650279 2.064028 0.086189
v -0.655438 1.995279 0.134065
v -0.663327 1.890154 0.130785
v -0.668233 1.824777 0.071278
v -0.624812 2.403406 0.046611
v -0.620351 2.462863 0.170454
v -0.615351 2.529488 0.210566
v -0.609360 2.609325 0.212875
v -0.604170 2.678493 0.167319
v -0.601216 2.717862 0.079402
v -0.600780 2.723663 -0.034098
v -0.602897 2.695460 -0.134943
v -0.607670 2.631851 -0.200198
v -0.613215 2.557955 -0.218097
v -0.618808 2.483424 -0.192175
v -0.623207 2.424795 -0.119083
v -0.622450 2.434886 -0.042257
v -0.619179 2.478481 -0.107039
v -0.613932 2.548407 -0.138758
v -0.606198 2.651470 -0.126096
v -0.602809 2.696629 -0.063653
v -0.602451 2.701407 0.016981
v -0.604652 2.672067 0.086190
v -0.609811 2.603318 0.134065
v -0.617700 2.498192 0.130785
v -0.622606 2.432817 0.071279
v -0.568280 3.156766 0.176701
v -0.567522 3.166892 0.214019
v -0.567518 3.166934 0.049069
v -0.568323 3.156199 0.096606
v -0.577071 3.039636 0.096761
v -0.577003 3.040533 -0.000531
v -0.574568 3.072976 -0.073699
v -0.569016 3.146966 -0.124286
v -0.561146 3.251842 -0.114898
v -0.556924 3.308111 -0.037357
v -0.557406 3.301683 0.090703
v -0.559542 3.273209 0.143594
v -0.562143 3.238546 0.159918
v -0.556061 3.319591 0.168758
v -0.555136 3.331927 -0.014870
v -0.557045 3.306492 -0.115717
v -0.562486 3.233983 -0.192719
v -0.569062 3.146352 -0.202817
v -0.574367 3.075654 -0.167512
v -0.577846 3.029286 -0.084668
v -0.579173 3.011596 0.036911
v -0.577564 3.033041 0.169929
v -0.533061 3.626105 0.078297
v -0.526436 3.714399 0.201454
v -0.518106 3.825403 0.212875
v -0.512915 3.894571 0.167319
v -0.509961 3.933938 0.079408
v -0.509526 3.939742 -0.034089
v -0.511642 3.911537 -0.134944
v -0.516415 3.847928 -0.200199
v -0.521961 3.774032 -0.218097
v -0.527553 3.699503 -0.192176
v -0.532412 3.634759 -0.107533
v -0.531196 3.650963 -0.042256
v -0.527924 3.694559 -0.107039
v -0.522677 3.764486 -0.138758
v -0.514943 3.867548 -0.126096
v -0.511554 3.912708 -0.063650
v -0.511196 3.917484 0.016984
v -0.513398 3.888143 0.086191
v -0.518557 3.819396 0.134065
v -0.526445 3.714270 0.130785
v -0.531351 3.648893 0.071277
v -0.487931 4.227521 0.046604
v -0.483469 4.286979 0.170454
v -0.478470 4.353604 0.210567
v -0.471669 4.444238 0.210829
v -0.466313 4.515607 0.148767
v -0.463556 4.552346 0.011935
v -0.466015 4.519576 -0.134943
v -0.470788 4.455967 -0.200199
v -0.476333 4.382071 -0.218097
v -0.481926 4.307541 -0.192175
v -0.486326 4.248912 -0.119084
v -0.485569 4.259002 -0.042256
v -0.482297 4.302597 -0.107039
v -0.477050 4.372524 -0.138758
v -0.469316 4.475586 -0.126096
v -0.465927 4.520747 -0.063647
v -0.465569 4.525523 0.016983
v -0.467770 4.496182 0.086190
v -0.472929 4.427434 0.134065
v -0.480818 4.322309 0.130785
v -0.485724 4.256931 0.071275
v -0.440585 4.858463 -0.041985
v -0.441452 4.846908 -0.086545
v -0.441446 4.846987 0.106604
v -0.440641 4.857753 0.048418
v -0.416613 5.177917 0.039725
v -0.417384 5.167648 0.174443
v -0.419957 5.133354 0.191555
v -0.414445 5.206820 0.197485
v -0.414124 5.211082 -0.185571
v -0.419611 5.137961 -0.198482
v -0.417113 5.171250 -0.169924
v -0.416613 5.177916 -0.034389
v -0.349515 6.072086 -0.230108
v -0.349911 6.067629 -0.256181
v -0.350265 6.062175 -0.267068
v -0.350130 6.063825 -0.136169
v -0.349327 6.074581 -0.179091
v -0.335449 6.259531 -0.152549
v -0.350646 6.057008 -0.018926
v -0.335089 6.264323 0.115189
v -0.349478 6.072569 0.145415
v -0.349989 6.065761 0.135754
v -0.350179 6.063228 0.274832
v -0.349160 6.076814 0.221710
v -0.326582 6.377694 0.152151
v -0.344739 6.135733 -0.002668
v -0.326579 6.377729 -0.160252
v -0.303831 6.680868 -0.041475
v -0.304565 6.671086 -0.080752
v -0.304549 6.671301 0.093821
v -0.303786 6.681475 0.041242
v -0.282882 6.960042 0.039824
v -0.282134 6.970006 0.080039
v -0.281827 6.974114 -0.063455
v -0.281820 6.974200 -0.076696
v -0.281839 6.973948 -0.077820
v -0.281861 6.973651 -0.078772
v -0.282173 6.969488 -0.081517
v -0.283110 6.957009 -0.038971
v -0.261995 7.238391 -0.032211
v -0.266114 7.183498 -0.066163
v -0.268437 7.152542 -0.112474
v -0.265419 7.192767 -0.017681
v -0.259601 7.270289 0.043296
v -0.233211 7.621940 0.054549
v -0.232652 7.629447 0.097951
v -0.232160 7.636008 0.095914
v -0.232509 7.631330 -0.087040
v -0.233434 7.619004 -0.032098
v -0.171370 1.185834 0.891952
v -0.206592 1.178705 0.892488
v -0.208277 1.171801 0.893004
v -0.138303 1.172070 0.892991
v 0.049935 1.170970 0.893067
v 0.147837 1.207998 0.890288
v 0.200124 1.265427 0.885979
v 0.212754 1.355124 0.879248
v 0.177340 1.422180 0.874216
v 0.091946 1.470385 0.870590
v -0.218304 1.477124 0.870097
v -0.207080 1.470536 0.870602
v -0.169637 1.462535 0.871190
v -0.092069 1.453580 0.871860
v -0.060288 1.457989 0.871532
v 0.032034 1.448982 0.872205
v 0.120038 1.393697 0.876354
v 0.133069 1.263845 0.886102
v 0.070972 1.199642 0.890916
v -0.084916 1.197801 0.891054
v 0.125581 1.798731 0.845960
v 0.206504 1.894873 0.838780
v 0.204988 1.988998 0.831682
v 0.127315 2.072830 0.825390
v -0.057828 2.091478 0.823991
v -0.158376 2.050697 0.827052
v -0.209048 1.988444 0.831724
v -0.219664 1.899928 0.838366
v -0.158844 1.815096 0.844732
v -0.051372 1.772870 0.847901
v 0.008115 1.793290 0.846368
v -0.076353 1.818310 0.844491
v -0.129608 1.876194 0.840147
v -0.139691 1.990849 0.831543
v -0.088808 2.058137 0.826494
v 0.033303 2.068018 0.825752
v 0.116458 2.002126 0.830697
v 0.131386 1.878569 0.839969
v 0.085099 1.813493 0.844852
v 0.068315 2.388476 0.801705
v 0.155175 2.430394 0.798560
v 0.206506 2.502910 0.793153
v 0.204988 2.597037 0.786055
v 0.127318 2.680867 0.779754
v -0.057819 2.699519 0.778357
v -0.158379 2.658733 0.781425
v -0.209048 2.596481 0.786097
v -0.219664 2.507967 0.792739
v -0.158844 2.423135 0.799105
v -0.066887 2.384706 0.801988
v 0.008101 2.401336 0.800740
v -0.076342 2.426341 0.798864
v -0.129608 2.484232 0.794520
v -0.139690 2.598888 0.785916
v -0.080999 2.671214 0.780489
v 0.043954 2.671250 0.780486
v 0.116458 2.610163 0.785070
v 0.131387 2.486609 0.794342
v 0.085104 2.421534 0.799225
v 0.173737 3.133653 0.745787
v 0.206481 3.140214 0.745295
v 0.207593 3.147677 0.744735
v 0.138908 3.147190 0.744775
v 0.047087 3.147232 0.744769
v 0.050240 3.140096 0.745304
v 0.091111 3.133678 0.745786
v 0.094597 3.019238 0.754373
v 0.055107 3.012454 0.754891
v -0.034776 3.024222 0.753999
v -0.122923 3.106229 0.747845
v -0.124849 3.209036 0.740131
v -0.084697 3.264313 0.735983
v 0.000495 3.287777 0.734223
v 0.125014 3.264974 0.735933
v 0.155536 3.216106 0.739593
v 0.164974 3.296365 0.733575
v -0.027781 3.308407 0.732676
v -0.137518 3.273451 0.735301
v -0.191190 3.215744 0.739627
v -0.208373 3.128586 0.746167
v -0.148448 3.031308 0.753467
v 0.010069 2.988598 0.756651
v 0.164280 3.007904 0.755201
v 0.125586 3.622850 0.709078
v 0.206930 3.719221 0.701846
v 0.204989 3.813111 0.694790
v 0.158728 3.874482 0.690190
v 0.081446 3.908934 0.687610
v -0.057839 3.915591 0.687110
v -0.158379 3.874811 0.690171
v -0.209050 3.812557 0.694842
v -0.219663 3.724043 0.701485
v -0.158847 3.639215 0.707850
v -0.051337 3.596980 0.711019
v 0.008086 3.617415 0.709486
v -0.076348 3.642422 0.707609
v -0.129608 3.700310 0.703265
v -0.139691 3.814964 0.694662
v -0.081172 3.887198 0.689241
v 0.043651 3.887457 0.689222
v 0.116457 3.826241 0.693816
v 0.131387 3.702687 0.703087
v 0.085107 3.637613 0.707970
v 0.068319 4.212593 0.664824
v 0.155176 4.254512 0.661678
v 0.206930 4.327259 0.656219
v 0.204988 4.421153 0.649173
v 0.127320 4.504982 0.642882
v -0.057798 4.523639 0.641482
v -0.158378 4.482851 0.644544
v -0.209050 4.420597 0.649215
v -0.219663 4.332082 0.655857
v -0.158843 4.247252 0.662223
v -0.066879 4.208821 0.665107
v 0.008116 4.225446 0.663859
v -0.076353 4.250464 0.661982
v -0.129608 4.308348 0.657638
v -0.139692 4.423003 0.649035
v -0.081156 4.495245 0.643614
v 0.043657 4.495493 0.643595
v 0.116457 4.434281 0.648188
v 0.131387 4.310726 0.657460
v 0.085101 4.245649 0.662343
v -0.049071 4.831825 0.618354
v -0.090409 4.823337 0.618993
v -0.001517 4.821093 0.619164
v 0.103118 4.824502 0.618909
v 0.045381 4.834646 0.618145
v 0.035947 5.154653 0.594132
v 0.169283 5.144917 0.594862
v 0.187550 5.110511 0.597444
v 0.193294 5.184067 0.591924
v -0.188704 5.187953 0.591633
v -0.201989 5.115123 0.597098
v -0.174071 5.147573 0.594663
v -0.038167 5.154653 0.594132
v -0.234283 6.048347 0.527069
v -0.259626 6.043771 0.527426
v -0.271074 6.039011 0.527769
v -0.139824 6.040915 0.527633
v -0.182014 6.050584 0.526901
v -0.156331 6.236266 0.512967
v -0.022594 6.034455 0.528111
v 0.111409 6.241057 0.512608
v 0.133348 6.042684 0.527494
v 0.270544 6.041036 0.527616
v 0.218914 6.052876 0.526729
v 0.147797 6.353839 0.504145
v -0.006446 6.112471 0.522257
v -0.162867 6.353936 0.504137
v -0.046535 6.656668 0.481421
v -0.081786 6.651349 0.481820
v -0.081111 6.643768 0.482389
v 0.000273 6.645047 0.482295
v 0.089013 6.645194 0.482282
v 0.082209 6.652099 0.481763
v 0.037341 6.658554 0.481279
v 0.036884 6.937153 0.460373
v 0.072362 6.943314 0.459911
v 0.074312 6.950565 0.459368
v -0.086030 6.946959 0.459638
v -0.045753 6.937916 0.460315
v -0.043102 7.192066 0.441244
v -0.116591 7.129098 0.445969
v -0.050811 7.152120 0.444242
v 0.033904 7.228771 0.438490
v 0.051066 7.598165 0.410771
v 0.092706 7.605473 0.410222
v 0.092888 7.612818 0.409671
v -0.091368 7.609089 0.409947
v -0.038494 7.598535 0.410744
v -0.628034 6.046546 0.274838
v -0.627106 6.059147 0.222921
v -0.755320 4.319635 0.208241
v -0.796836 3.756376 0.216925
v -0.884712 2.564141 0.217440
v -0.978330 1.293998 0.214056
v -0.931275 1.932406 0.216925
v -0.841543 3.149820 0.213975
v -0.789887 3.850655 0.194759
v -0.891141 2.476917 0.195315
v -0.924326 2.026685 0.194759
v -0.691105 5.190870 0.197213
v -0.746378 4.440957 0.205229
v -0.696565 5.116772 0.191552
v -0.694144 5.149623 0.176326
v -0.842290 3.139690 0.176038
v -0.851428 3.015718 0.169272
v -0.830248 3.303064 0.168756
v -0.937306 1.850586 0.181882
v -0.970358 1.402163 0.204833
v -0.878921 2.642711 0.187050
v -0.802866 3.674556 0.181882
v -0.836214 3.222124 0.160590
v -0.761329 4.238104 0.124106
v -0.627373 6.055519 0.145168
v -0.627865 6.048848 0.135766
v -0.895769 2.414135 0.124107
v -0.984585 1.209146 0.146308
v -0.972874 1.368031 0.139283
v -0.929039 1.962746 0.136884
v -0.884226 2.570736 0.136884
v -0.794600 3.786716 0.136884
v -0.749787 4.394706 0.136884
v -0.941364 1.795532 0.099377
v -0.920036 2.084886 0.110499
v -0.833802 3.254845 0.145013
v -0.785597 3.908855 0.110500
v -0.981574 1.249993 0.129353
v -0.923979 2.031402 0.103720
v -0.879165 2.639392 0.103721
v -0.802836 3.674976 0.122448
v -0.789539 3.855371 0.103721
v -0.758023 4.282967 0.122448
v -0.744726 4.463362 0.103720
v -0.717692 4.830131 0.106612
v -0.875223 2.692876 0.110499
v -0.806925 3.619503 0.099379
v -0.741496 4.507186 0.133764
v -0.842271 3.139955 0.096738
v -0.850943 3.022296 0.095847
v -0.937275 1.851008 0.122448
v -0.985209 1.200676 0.050677
v -0.968002 1.434130 0.085682
v -0.964787 1.477727 0.101155
v -0.987110 1.174875 0.024716
v -0.852720 2.998186 -0.035893
v -0.831139 3.291006 0.075456
v -0.897735 2.387448 0.012938
v -0.841460 3.150954 0.049017
v -0.941057 1.799693 0.033284
v -0.763296 4.211416 0.012931
v -0.739407 4.535536 -0.006537
v -0.892462 2.458996 0.122448
v -0.716858 4.841452 0.048650
v -0.829325 3.315583 -0.027755
v -0.942510 1.779988 -0.006293
v -0.896244 2.407683 0.033283
v -0.806618 3.623662 0.033285
v -0.808070 3.603957 -0.006287
v -0.761805 4.231652 0.033284
v -0.965738 1.464818 -0.014805
v -0.921023 2.071506 0.040443
v -0.873988 2.709641 -0.022011
v -0.876209 2.679496 0.040441
v -0.786583 3.895475 0.040443
v -0.741770 4.503465 0.040443
v -0.850212 3.032216 -0.030249
v -0.918801 2.101652 -0.022008
v -0.784361 3.925621 -0.022017
v -0.716944 4.840287 -0.043234
v -0.984862 1.205382 -0.080544
v -0.831240 3.289626 -0.034477
v -0.693283 5.161299 0.039725
v -0.693283 5.161299 -0.034389
v -0.939169 1.825308 -0.073768
v -0.920851 2.073830 -0.066092
v -0.876039 2.681813 -0.066108
v -0.786413 3.897793 -0.066107
v -0.741600 4.505783 -0.066106
v -0.894356 2.433297 -0.073767
v -0.833322 3.261363 -0.091937
v -0.806789 3.621339 -0.111900
v -0.804730 3.649277 -0.073767
v -0.759917 4.257267 -0.073768
v -0.717692 4.830128 -0.086537
v -0.941229 1.797369 -0.111901
v -0.966082 1.460181 -0.088958
v -0.921331 2.067322 -0.141333
v -0.876518 2.675312 -0.141332
v -0.786892 3.891291 -0.141334
v -0.742079 4.499281 -0.141333
v -0.831898 3.280678 -0.131030
v -0.924707 2.021524 -0.126700
v -0.879894 2.629513 -0.126700
v -0.846058 3.088560 -0.105206
v -0.790267 3.845493 -0.126700
v -0.745454 4.453484 -0.126700
v -0.753900 4.338903 -0.138488
v -0.838336 3.193329 -0.128410
v -0.896415 2.405359 -0.111901
v -0.761976 4.229329 -0.111901
v -0.848569 3.054495 -0.162593
v -0.933152 1.906943 -0.138488
v -0.888339 2.514933 -0.138488
v -0.798713 3.730913 -0.138488
v -0.986773 1.179452 -0.135511
v -0.965393 1.469516 -0.165171
v -0.757798 4.286020 -0.188565
v -0.892237 2.462049 -0.188564
v -0.802611 3.678030 -0.188565
v -0.937050 1.854060 -0.188565
v -0.985901 1.191288 -0.168538
v -0.881315 2.610228 -0.202978
v -0.926128 2.002237 -0.202978
v -0.791689 3.826207 -0.202978
v -0.986796 1.179139 -0.204026
v -0.986331 1.185458 -0.204474
v -0.964777 1.477862 -0.209744
v -0.843451 3.123940 -0.201674
v -0.964275 1.484685 -0.212745
v -0.752325 4.360266 -0.217739
v -0.886764 2.536295 -0.217739
v -0.931577 1.928306 -0.217739
v -0.797138 3.752276 -0.217739
v -0.836900 3.212824 -0.194892
v -0.746876 4.434197 -0.202978
v -0.604847 6.361140 0.152175
v -0.613203 6.247772 0.115215
v -0.512425 7.615026 0.099251
v -0.583250 6.654140 0.093869
v -0.561455 6.949861 0.075750
v -0.560952 6.956668 0.078963
v -0.513230 7.604132 0.053624
v -0.582516 6.664108 0.041949
v -0.561987 6.942616 0.039148
v -0.622691 6.119039 -0.002668
v -0.628481 6.040483 -0.018902
v -0.513320 7.602910 -0.032203
v -0.541845 7.215901 -0.034139
v -0.561945 6.943201 -0.040300
v -0.541901 7.215136 0.023143
v -0.536827 7.283985 0.047209
v -0.582587 6.663144 -0.042405
v -0.545688 7.163762 -0.069631
v -0.583216 6.654608 -0.080732
v -0.561111 6.954525 -0.082103
v -0.546291 7.155592 -0.053016
v -0.512464 7.614520 -0.087050
v -0.547751 7.135771 -0.112471
v -0.628030 6.046607 -0.136123
v -0.693827 5.153928 -0.171273
v -0.613556 6.242980 -0.152575
v -0.604849 6.361106 -0.160236
v -0.627234 6.057408 -0.178718
v -0.690858 5.194228 -0.185859
v -0.696230 5.121325 -0.198297
v -0.626918 6.061696 -0.226512
v -0.627605 6.052371 -0.236659
v -0.627740 6.050542 -0.255529
v -0.627739 6.050552 -0.254538
v -0.627743 6.050500 -0.255573
v -0.627740 6.050538 -0.254493
v -0.627739 6.050558 -0.253473
v -0.627728 6.050712 -0.256595
v -0.627743 6.050496 -0.256551
v -0.627717 6.050845 -0.261089
v -0.628256 6.043533 -0.265390
v 0.752082 4.363558 0.218097
v 0.796904 3.755458 0.218097
v 0.931367 1.931160 0.218097
v 0.886546 2.539260 0.218097
v 0.925918 2.005095 0.200184
v 0.791454 3.829393 0.200184
v 0.964648 1.479624 0.214862
v 0.986728 1.180069 0.206478
v 0.757578 4.288994 0.192155
v 0.892042 2.464697 0.192155
v 0.802399 3.680895 0.192155
v 0.965522 1.467781 0.165598
v 0.847075 3.074764 0.182511
v 0.881096 2.613194 0.200184
v 0.836664 3.216013 0.190770
v 0.936863 1.856598 0.192155
v 0.841559 3.149607 0.204594
v 0.786766 3.893000 0.134909
v 0.921229 2.068702 0.134908
v 0.832309 3.275106 0.136532
v 0.876408 2.676801 0.134909
v 0.761899 4.230377 0.119054
v 0.932071 1.921606 0.138757
v 0.887250 2.529704 0.138757
v 0.797608 3.745903 0.138757
v 0.752787 4.354002 0.138757
v 0.851087 3.020336 0.110545
v 0.896362 2.406079 0.119055
v 0.843129 3.128306 0.124280
v 0.835393 3.233258 0.114879
v 0.924470 2.024736 0.126071
v 0.879649 2.632835 0.126071
v 0.806720 3.622277 0.119054
v 0.802764 3.675955 0.107018
v 0.790006 3.849034 0.126071
v 0.757942 4.284054 0.107018
v 0.745185 4.457133 0.126071
v 0.941183 1.797979 0.119054
v 0.937227 1.851658 0.107017
v 0.892406 2.459757 0.107018
v 0.741945 4.501099 0.134909
v 0.985995 1.190017 0.167507
v 0.746633 4.437492 0.200184
v 0.717809 4.828547 0.086521
v 0.984958 1.204090 0.081885
v 0.848583 3.054315 0.073672
v 0.831584 3.284940 0.047803
v 0.829586 3.312060 0.037141
v 0.940439 1.808077 0.042236
v 0.921144 2.069860 0.063630
v 0.918922 2.100013 0.006992
v 0.895618 2.416177 0.042236
v 0.876323 2.677958 0.063631
v 0.874381 2.704309 0.038315
v 0.805976 3.632375 0.042236
v 0.786681 3.894157 0.063631
v 0.784459 3.924311 0.006995
v 0.761155 4.240474 0.042236
v 0.741859 4.502256 0.063631
v 0.739644 4.532315 0.008633
v 0.716965 4.840000 0.041988
v 0.966211 1.458427 0.088460
v 0.897942 2.384640 -0.046409
v 0.763479 4.208937 -0.046408
v 0.693417 5.159486 0.034389
v 0.853117 2.992795 -0.021849
v 0.850992 3.021636 -0.000429
v 0.942764 1.776541 -0.046409
v 0.808300 3.600838 -0.046408
v 0.964509 1.481484 -0.053539
v 0.966577 1.453454 -0.039596
v 0.920792 2.074630 -0.016978
v 0.875971 2.682730 -0.016978
v 0.786329 3.898928 -0.016978
v 0.741508 4.507028 -0.016978
v 0.940592 1.805997 -0.071226
v 0.895771 2.414097 -0.071227
v 0.985417 1.197854 -0.051492
v 0.806129 3.630295 -0.071226
v 0.761308 4.238395 -0.071226
v 0.874707 2.699873 -0.077275
v 0.831478 3.286383 -0.083461
v 0.986781 1.179340 -0.078199
v 0.841629 3.148660 -0.049071
v 0.693417 5.159486 -0.039726
v 0.716967 4.839986 -0.048019
v 0.842418 3.137959 -0.096348
v 0.850906 3.022793 -0.098019
v 0.922954 2.045308 -0.086164
v 0.878132 2.653407 -0.086165
v 0.788490 3.869605 -0.086165
v 0.743669 4.477704 -0.086165
v 0.786241 3.900119 -0.127426
v 0.920704 2.075821 -0.127425
v 0.717815 4.828471 -0.106630
v 0.741420 4.508218 -0.127426
v 0.982720 1.234442 -0.115660
v 0.935774 1.871369 -0.130777
v 0.890953 2.479468 -0.130777
v 0.801311 3.695667 -0.130777
v 0.756490 4.303766 -0.130777
v 0.966569 1.453567 -0.145742
v 0.627964 6.047498 -0.135748
v 0.627469 6.054225 -0.145413
v 0.978511 1.291544 -0.142057
v 0.971015 1.393241 -0.127141
v 0.938378 1.836035 -0.170425
v 0.928021 1.976558 -0.134059
v 0.893557 2.444134 -0.170425
v 0.883200 2.584657 -0.134059
v 0.793558 3.800856 -0.134059
v 0.759094 4.268432 -0.170425
v 0.748736 4.408955 -0.134059
v 0.803915 3.660333 -0.170425
v 0.833931 3.253097 -0.144458
v 0.691275 5.188542 -0.197437
v 0.836365 3.220073 -0.159743
v 0.830395 3.301072 -0.168522
v 0.851581 3.013639 -0.169524
v 0.842404 3.138149 -0.176715
v 0.790319 3.844793 -0.195882
v 0.924782 2.020495 -0.195882
v 0.877658 2.659840 -0.167287
v 0.694172 5.149240 -0.174404
v 0.696705 5.114880 -0.191888
v 0.888645 2.510778 -0.210562
v 0.752522 4.357595 -0.217679
v 0.841673 3.148057 -0.214189
v 0.970133 1.405209 -0.198837
v 0.745498 4.452892 -0.195882
v 0.797343 3.749496 -0.217679
v 0.627161 6.058403 -0.221775
v 0.628152 6.044945 -0.274797
v 0.977352 1.307276 -0.219195
v 0.931806 1.925199 -0.217679
v 0.882757 2.590661 -0.212871
v 0.983477 1.224166 -0.167170
v 0.628180 6.044570 0.267080
v 0.627509 6.053672 0.230175
v 0.696353 5.119653 0.198468
v 0.690972 5.192653 0.185570
v 0.627320 6.056238 0.179088
v 0.693908 5.152821 0.169914
v 0.604975 6.359402 0.159688
v 0.613680 6.241292 0.152195
v 0.628177 6.044608 0.136125
v 0.547855 7.134362 0.112502
v 0.545489 7.166467 0.065053
v 0.583338 6.652961 0.080779
v 0.561251 6.952620 0.082067
v 0.512449 7.614718 0.087120
v 0.582619 6.662713 0.041422
v 0.513336 7.602684 0.033308
v 0.562031 6.942029 0.040803
v 0.541532 7.220148 0.032216
v 0.628620 6.038615 0.019100
v 0.622812 6.117397 0.002668
v 0.582581 6.663229 -0.041187
v 0.544876 7.174787 0.017415
v 0.539386 7.249261 -0.041916
v 0.604986 6.359254 -0.152244
v 0.562049 6.941787 -0.039826
v 0.513388 7.601974 -0.052672
v 0.561269 6.952372 -0.080328
v 0.583373 6.652483 -0.093919
v 0.512455 7.614636 -0.099610
v 0.613334 6.245998 -0.115187
v -0.273433 6.047563 -0.627960
v -0.271873 6.041696 -0.628392
v -0.264039 6.048958 -0.627857
v -0.223315 6.057969 -0.627193
v -0.218753 2.555909 -0.885328
v -0.208873 1.282512 -0.979177
v -0.213416 1.376684 -0.972236
v -0.217713 1.940883 -0.930659
v -0.217597 3.765765 -0.796144
v -0.217570 4.373846 -0.751324
v -0.211262 3.145377 -0.841871
v -0.212018 3.152753 -0.841327
v -0.188626 2.465340 -0.891994
v -0.183468 2.041000 -0.923271
v -0.188544 4.289579 -0.757535
v -0.183386 3.865243 -0.788812
v -0.183360 4.473322 -0.743992
v -0.188653 1.857259 -0.936814
v -0.181547 2.650529 -0.878354
v -0.188572 3.681500 -0.802355
v -0.191806 5.115814 -0.696636
v -0.177012 3.138164 -0.842402
v -0.174022 5.149822 -0.694129
v -0.163977 1.443017 -0.967347
v -0.165161 3.009659 -0.851874
v -0.168813 3.301585 -0.830357
v -0.197162 5.189755 -0.691186
v -0.159678 3.220960 -0.836300
v -0.137232 6.047816 -0.627941
v -0.135071 3.152770 -0.841321
v -0.145704 1.207403 -0.984722
v -0.124560 1.238851 -0.982395
v -0.140976 3.259317 -0.833473
v -0.131015 1.387608 -0.971431
v -0.136698 1.968123 -0.928651
v -0.136760 2.572541 -0.884093
v -0.136705 3.788703 -0.794453
v -0.136679 4.396782 -0.749634
v -0.116497 2.409059 -0.896143
v -0.116417 4.233301 -0.761683
v -0.096918 2.036438 -0.923612
v -0.116528 1.800980 -0.940962
v -0.106133 1.828124 -0.938962
v -0.098015 2.643608 -0.878855
v -0.063655 2.704113 -0.874399
v -0.104131 3.619083 -0.806955
v -0.097960 3.859769 -0.789215
v -0.097934 4.467850 -0.744395
v -0.107247 4.829398 -0.717748
v -0.095778 3.138732 -0.842362
v -0.099495 3.025229 -0.850727
v -0.075265 1.437181 -0.967777
v -0.068722 3.288900 -0.831293
v -0.082715 4.523036 -0.740325
v -0.106108 2.436207 -0.894142
v -0.106049 3.652363 -0.804502
v -0.106020 4.260443 -0.759683
v -0.031534 1.173197 -0.987235
v -0.060190 3.153042 -0.841306
v -0.060451 3.152866 -0.841319
v -0.061922 3.152875 -0.841318
v -0.060311 3.017046 -0.851331
v -0.049706 3.147725 -0.841699
v -0.050406 4.839692 -0.716989
v -0.067868 1.480823 -0.964551
v -0.008755 1.777000 -0.942730
v -0.008713 2.385080 -0.897910
v -0.034222 2.408971 -0.896149
v -0.034164 3.625132 -0.806510
v -0.008637 4.209322 -0.763451
v -0.034165 4.233212 -0.761690
v -0.035587 2.071184 -0.921046
v -0.087988 2.089047 -0.919727
v -0.035746 2.679204 -0.876231
v -0.035498 3.895428 -0.786587
v -0.085596 3.914032 -0.785215
v -0.035483 4.503506 -0.741767
v 0.054667 3.311455 -0.829629
v -0.044369 1.198032 -0.985404
v 0.046682 3.601913 -0.808221
v 0.046163 2.098307 -0.919042
v 0.004841 2.995676 -0.852907
v -0.034287 1.800890 -0.940969
v 0.083249 4.825124 -0.718060
v 0.051006 4.529415 -0.739856
v 0.051433 3.921223 -0.784685
v 0.013763 3.025026 -0.850742
v 0.116010 2.688859 -0.875519
v 0.033940 5.159796 -0.693394
v -0.040174 5.159795 -0.693394
v 0.044260 4.838018 -0.717112
v 0.041638 1.808490 -0.940409
v 0.041663 2.416569 -0.895589
v 0.041719 3.632731 -0.805949
v 0.041744 4.240811 -0.761130
v 0.060221 3.282916 -0.831738
v 0.038810 1.464111 -0.965795
v 0.079060 1.202881 -0.985045
v 0.049129 2.074069 -0.920834
v 0.049015 2.682188 -0.876011
v 0.049197 3.898311 -0.786375
v 0.049220 4.506395 -0.741554
v 0.082289 4.832769 -0.717498
v 0.088073 1.458477 -0.966207
v 0.135597 2.413171 -0.895840
v 0.135677 4.237412 -0.761380
v 0.116836 2.036773 -0.923615
v 0.119297 2.642729 -0.878919
v 0.119351 3.858888 -0.789280
v 0.119379 4.466969 -0.744460
v 0.120350 3.122729 -0.843540
v 0.154010 2.055625 -0.922193
v 0.121831 3.211246 -0.837016
v 0.099883 1.845951 -0.937648
v 0.099909 2.454030 -0.892828
v 0.154097 3.879863 -0.787734
v 0.135568 1.805088 -0.940659
v 0.099963 3.670191 -0.803188
v 0.099990 4.278272 -0.758369
v 0.130092 1.176967 -0.986960
v 0.138036 1.916088 -0.932484
v 0.136237 2.519735 -0.887985
v 0.154548 3.644250 -0.805100
v 0.178793 3.239438 -0.834938
v 0.136292 3.735898 -0.798345
v 0.136319 4.343977 -0.753526
v 0.156430 1.176832 -0.986970
v 0.139126 3.033802 -0.850095
v 0.163881 1.465543 -0.965686
v 0.154121 4.487946 -0.742914
v 0.080845 3.062268 -0.847997
v 0.168538 1.189700 -0.986018
v 0.214292 2.588763 -0.882894
v 0.198385 1.175690 -0.987049
v 0.204954 1.183029 -0.986510
v 0.204715 4.314288 -0.755714
v 0.215311 3.795170 -0.793977
v 0.204634 2.490047 -0.890173
v 0.215229 1.970931 -0.928436
v 0.204688 3.706207 -0.800534
v 0.202412 3.123972 -0.843449
v 0.208610 1.476614 -0.964868
v 0.211411 1.483171 -0.964385
v 0.215338 4.403252 -0.749157
v 0.204607 1.881966 -0.934993
v -0.152166 6.359181 -0.604991
v -0.115617 6.246425 -0.613302
v -0.100161 7.613965 -0.512501
v -0.094342 6.654005 -0.583260
v -0.076394 6.948923 -0.561524
v -0.078804 6.956040 -0.560998
v -0.054246 7.602889 -0.513321
v -0.042964 6.662943 -0.582602
v -0.040890 6.942834 -0.561972
v -0.004693 6.649809 -0.583570
v 0.018380 6.039822 -0.628530
v 0.033553 7.603362 -0.513286
v 0.040381 6.941946 -0.562038
v 0.002262 6.117678 -0.622792
v 0.041372 7.194252 -0.543441
v -0.034754 7.229778 -0.540822
v 0.079657 6.955699 -0.561023
v 0.078778 6.650117 -0.583547
v 0.083889 7.618338 -0.512182
v 0.043228 6.661241 -0.582727
v 0.046462 7.157532 -0.546148
v 0.077700 6.948935 -0.561522
v 0.074285 6.657434 -0.583008
v 0.083798 7.610906 -0.512730
v 0.112197 7.134730 -0.547828
v 0.171648 5.152090 -0.693962
v 0.135782 6.045747 -0.628090
v 0.158961 6.359148 -0.604994
v 0.184674 5.193054 -0.690943
v 0.177047 6.055418 -0.627381
v 0.152177 6.241633 -0.613655
v 0.198694 5.120823 -0.696267
v 0.238135 6.049600 -0.627809
v 0.226086 6.061194 -0.626955
v 0.253066 6.049201 -0.627839
v 0.252937 6.049231 -0.627837
v 0.254127 6.049169 -0.627841
v 0.254016 6.049183 -0.627840
v 0.255147 6.047790 -0.627943
v 0.255050 6.049159 -0.627842
v 0.255171 6.049342 -0.627828
v 0.260802 6.040588 -0.628474
v 0.256058 6.047787 -0.627943
v 0.256973 6.047787 -0.627943
v 0.257215 6.049155 -0.627842
v 0.266249 6.046383 -0.628046
v -0.215847 3.800340 0.793596
v -0.215820 4.408420 0.748776
v -0.214333 1.477670 0.964792
v -0.215928 1.976098 0.928055
v -0.211122 1.483623 0.964353
v -0.204640 2.486547 0.890431
v -0.204559 4.310789 0.755972
v -0.204667 1.878466 0.935251
v -0.215901 2.584177 0.883235
v -0.205454 1.475907 0.964922
v -0.202961 1.175946 0.987031
v -0.203821 1.475899 0.964923
v -0.205189 1.183168 0.986500
v -0.203759 1.475286 0.964968
v -0.187322 1.479341 0.964665
v -0.203487 3.123958 0.843450
v -0.204587 3.702710 0.800792
v -0.183509 3.231871 0.835496
v -0.170648 1.188212 0.986128
v -0.149705 2.059457 0.921911
v -0.150262 2.424317 0.895018
v -0.149624 3.883698 0.787451
v -0.150179 4.248558 0.760559
v -0.150209 3.640479 0.805378
v -0.149679 2.667536 0.877091
v -0.147885 3.040053 0.849634
v -0.150288 1.816235 0.939838
v -0.163370 1.460293 0.966073
v -0.135775 1.176873 0.986968
v -0.123522 1.875208 0.935491
v -0.123495 2.483288 0.890671
v -0.123440 3.699450 0.801032
v -0.123413 4.307530 0.756212
v -0.138213 1.988656 0.927129
v -0.138186 2.596737 0.882309
v -0.100342 3.295394 0.830813
v -0.138132 3.812898 0.792670
v -0.138105 4.420978 0.747850
v -0.149596 4.491780 0.742632
v -0.128773 3.142188 0.842106
v -0.069818 3.608044 0.807769
v -0.044476 2.097929 0.919074
v -0.055346 2.388414 0.897664
v -0.086897 2.063326 0.921625
v -0.102716 2.657704 0.877816
v -0.103780 3.249536 0.834194
v -0.086817 3.887569 0.787166
v -0.086788 4.495649 0.742346
v -0.086960 4.828422 0.717818
v -0.043382 2.706245 0.874232
v -0.044427 3.922163 0.784616
v -0.044382 4.530247 0.739796
v -0.063134 3.045302 0.849247
v -0.055263 4.212655 0.763205
v -0.069882 1.783797 0.942229
v -0.089068 1.458454 0.966209
v -0.068409 4.252855 0.760242
v -0.084640 1.207877 0.984678
v -0.056129 1.462837 0.965886
v -0.041369 3.286055 0.831504
v -0.045895 4.837474 0.717152
v 0.001917 1.189864 0.986005
v -0.044146 2.683450 0.875918
v -0.034838 5.159795 0.693394
v -0.068518 1.820533 0.939521
v -0.068483 2.428608 0.894702
v -0.068433 3.644773 0.805062
v 0.013263 3.314796 0.829385
v 0.074925 1.177788 0.986885
v 0.044007 2.070636 0.921087
v -0.003355 2.992852 0.853118
v 0.017366 4.230608 0.761882
v 0.002671 4.825954 0.718001
v 0.017259 1.798285 0.941161
v 0.050280 1.781074 0.942429
v 0.017278 2.406367 0.896341
v 0.017331 3.622529 0.806701
v 0.050353 3.605314 0.807970
v 0.043856 3.292427 0.831033
v 0.054691 3.016551 0.851371
v 0.057050 1.480809 0.964558
v 0.079577 4.219732 0.762683
v 0.079497 2.395491 0.897143
v 0.050022 4.838874 0.717049
v 0.053338 2.673943 0.876618
v 0.039277 5.159795 0.693394
v 0.051714 3.145463 0.841864
v 0.051462 3.152718 0.841330
v 0.092322 1.820975 0.939488
v 0.139706 2.073322 0.920888
v 0.092350 2.429056 0.894669
v 0.092405 3.645218 0.805029
v 0.121555 3.904114 0.785946
v 0.099679 1.221094 0.983704
v 0.096829 3.023428 0.850860
v 0.092432 4.253299 0.760209
v 0.043429 1.451177 0.966745
v 0.090784 2.696316 0.874967
v 0.044174 3.894841 0.786630
v 0.044213 4.502916 0.741811
v 0.139824 4.505638 0.741610
v 0.106407 4.829237 0.717760
v 0.095833 3.137676 0.842439
v 0.155428 1.823626 0.939293
v 0.169928 1.440824 0.967508
v 0.133265 1.884070 0.934838
v 0.133293 2.492152 0.890018
v 0.133347 3.708313 0.800379
v 0.136360 6.047611 0.627956
v 0.163289 2.439426 0.893904
v 0.140088 3.152135 0.841373
v 0.135366 1.268500 0.980211
v 0.128333 1.391191 0.971166
v 0.122579 2.001387 0.926191
v 0.122606 2.609467 0.881371
v 0.155509 3.647867 0.804834
v 0.122660 3.825629 0.791732
v 0.122687 4.433709 0.746912
v 0.163371 4.263669 0.759445
v 0.133374 4.316393 0.755559
v 0.137198 3.261758 0.833293
v 0.159525 3.221151 0.836286
v 0.196726 5.189333 0.691217
v 0.175100 5.148481 0.694228
v 0.167377 3.013167 0.851616
v 0.168035 3.301417 0.830370
v 0.176549 3.138685 0.842364
v 0.190863 5.115734 0.696642
v 0.165077 2.660722 0.877593
v 0.211058 3.152640 0.841336
v 0.209188 3.145041 0.841896
v 0.209069 4.332701 0.754357
v 0.207321 3.827766 0.791578
v 0.217175 1.351909 0.974062
v 0.208735 1.899551 0.933703
v 0.210668 1.986434 0.927293
v 0.208769 2.507623 0.888884
v 0.210776 4.418757 0.748014
v 0.223869 6.057044 0.627261
v 0.209042 3.724621 0.799177
v 0.273911 6.046578 0.628028
v 0.210695 2.594516 0.882473
v 0.191470 1.248148 0.981710
v -0.267264 6.043282 0.628274
v -0.256918 6.049585 0.627813
v -0.252772 6.049235 0.627836
v -0.252642 6.049223 0.627837
v -0.251587 6.049268 0.627834
v -0.231533 6.053434 0.627527
v -0.198338 5.120319 0.696304
v -0.185764 5.192868 0.690957
v -0.177771 6.055099 0.627404
v -0.168910 5.153520 0.693857
v -0.159601 6.359286 0.604983
v -0.152978 6.241632 0.613655
v -0.136453 6.045937 0.628079
v -0.113019 7.134122 0.547873
v -0.087908 7.614381 0.512473
v -0.082761 6.952070 0.561291
v -0.078695 6.656546 0.583073
v -0.077483 6.649002 0.583629
v -0.041088 6.942242 0.562016
v -0.043756 6.661788 0.582687
v -0.035182 7.604728 0.513185
v -0.019202 6.039831 0.628530
v 0.003154 6.650141 0.583545
v -0.040186 7.161701 0.545840
v -0.040849 7.197609 0.543193
v 0.035520 7.234280 0.540490
v 0.039807 6.942310 0.562011
v 0.041948 6.662895 0.582605
v -0.003074 6.117678 0.622792
v 0.053908 7.603374 0.513286
v 0.075452 6.948452 0.561558
v 0.078062 6.955532 0.561036
v 0.085573 6.657565 0.582998
v 0.095953 7.610660 0.512749
v 0.096641 7.617923 0.512209
v 0.092377 6.650585 0.583513
v 0.114815 6.246424 0.613302
v 0.151343 6.359201 0.604990
vn -0.0000 0.0748 -0.9972
vn -0.6940 -0.7150 -0.0847
vn -0.0000 -0.0615 -0.9981
vn -0.9971 0.0764 -0.0003
vn 0.9972 0.0748 -0.0000
vn -0.0012 -0.1189 0.9929
vn -0.0000 -0.0745 0.9972
vn -0.0000 0.0746 -0.9972
vn 0.9972 -0.0746 -0.0000
vn -0.9972 0.0748 -0.0000
vn 0.0001 0.0747 0.9972
vn -0.0000 0.0748 0.9972
vn 0.0906 -0.7993 0.5940
vn -0.0468 0.9981 -0.0389
vn -0.0684 0.9959 0.0592
vn -0.0683 0.9959 0.0592
vn -0.9972 0.0746 -0.0000
vn 0.0092 0.1227 0.9924
vn -0.1004 0.8957 0.4332
vn 0.0091 0.1227 0.9924
vn -0.1003 0.8957 0.4332
vn -0.3530 0.9353 0.0261
vn -0.2941 -0.9540 -0.0590
vn -0.0241 0.5703 -0.8211
vn 0.0161 -0.5493 0.8355
vn 0.0534 -0.9827 0.1776
vn -0.0156 -0.2240 0.9745
vn 0.0544 -0.9831 0.1748
vn -0.0155 -0.2240 0.9745
vn 0.0492 -0.4097 0.9109
vn -0.0631 0.4637 0.8837
vn 0.0839 -0.6677 -0.7397
vn 0.1092 -0.9938 0.0184
vn -0.0640 0.5114 0.8570
vn 0.0838 -0.6677 -0.7397
vn 0.1091 -0.9939 0.0184
vn 0.0507 -0.5613 0.8261
vn 0.0030 0.3298 -0.9441
vn 0.0439 -0.9559 0.2904
vn 0.0814 -0.7284 0.6803
vn -0.6791 -0.7330 -0.0400
vn -0.0243 0.5702 -0.8211
vn -0.2049 -0.9764 -0.0680
vn -0.0506 0.8082 0.5867
vn -0.0507 0.8082 0.5867
vn 0.0491 -0.4097 0.9109
vn -0.0629 0.4637 0.8837
vn 0.0836 -0.6677 -0.7397
vn 0.1089 -0.9939 0.0184
vn 0.0490 -0.4097 0.9109
vn -0.0628 0.4637 0.8837
vn 0.0835 -0.6677 -0.7397
vn 0.1088 -0.9939 0.0184
vn -0.0539 0.9188 -0.3911
vn 0.0477 -0.9121 0.4072
vn 0.0045 0.0292 0.9996
vn 0.0093 0.1228 0.9924
vn -0.1007 0.8956 0.4332
vn -0.1006 0.8957 0.4332
vn -0.0317 0.8228 -0.5675
vn 0.0533 -0.9827 0.1776
vn -0.0159 -0.2241 0.9744
vn -0.0540 0.9188 -0.3911
vn -0.0541 0.9188 -0.3911
vn -0.0575 0.4750 -0.8781
vn 0.9984 0.0313 -0.0470
vn -0.8096 0.5829 -0.0696
vn 0.3042 -0.9474 0.0993
vn 0.9380 -0.3303 0.1052
vn -0.5038 0.8633 0.0320
vn 0.2603 0.9655 -0.0064
vn -0.3542 -0.9246 -0.1403
vn -0.3543 -0.9246 -0.1397
vn -0.1033 0.9847 0.1401
vn 0.7985 -0.6012 -0.0314
vn -0.2661 0.9590 -0.0976
vn 0.9864 0.1044 -0.1266
vn -0.0781 0.9932 0.0860
vn 0.7628 0.6312 0.1401
vn 0.9381 -0.3303 0.1044
vn 0.9385 -0.3288 0.1058
vn -0.0847 -0.9962 -0.0212
vn -0.0352 0.9989 0.0300
vn 0.5069 0.8616 -0.0262
vn -0.2403 0.9707 0.0028
vn 0.0184 0.1464 -0.9890
vn -0.0021 -0.2037 0.9790
vn -0.4915 -0.8607 0.1329
vn -0.7456 0.6661 0.0182
vn -0.0341 0.9990 0.0301
vn -0.0342 0.9990 0.0303
vn -0.0026 -0.9993 -0.0362
vn -0.9997 0.0168 -0.0178
vn 0.1473 -0.9871 -0.0626
vn 0.9973 0.0669 0.0294
vn 0.4902 0.8713 0.0248
vn 0.1138 0.9932 0.0252
vn -0.3543 -0.9242 -0.1423
vn -0.3542 -0.9244 -0.1417
vn -0.9983 -0.0227 -0.0533
vn 0.0960 -0.9932 -0.0660
vn 0.0711 -0.9455 0.3178
vn -0.7295 0.6831 0.0345
vn -0.4530 -0.8910 -0.0302
vn 0.4433 -0.8937 0.0693
vn 0.4905 0.8710 0.0256
vn 0.4906 0.8710 0.0259
vn 0.8834 0.4676 0.0304
vn -0.0782 0.8975 -0.4341
vn 0.0852 -0.8074 -0.5839
vn 0.0041 0.0704 0.9975
vn 0.0073 -0.6216 -0.7833
vn -0.0507 0.9856 0.1616
vn -0.0555 0.9984 -0.0070
vn 0.0442 -0.3632 -0.9307
vn 0.0237 -0.7998 -0.5999
vn -0.0664 0.8442 0.5319
vn 0.0436 -0.9651 -0.2582
vn 0.0207 -0.0263 -0.9994
vn 0.0393 -0.5088 0.8600
vn -0.0365 0.7906 0.6112
vn 0.0700 -0.9868 -0.1462
vn 0.0632 -0.9980 -0.0092
vn -0.0061 0.1028 -0.9947
vn 0.0433 -0.2317 -0.9718
vn -0.0170 0.4278 -0.9037
vn -0.0779 0.9967 0.0216
vn -0.0427 0.4371 0.8984
vn 0.0940 -0.9954 -0.0180
vn 0.0939 -0.9954 -0.0180
vn 0.0075 -0.6216 -0.7833
vn -0.0508 0.9856 0.1616
vn 0.0076 -0.6216 -0.7833
vn 0.0225 -0.8476 0.5302
vn 0.0087 0.3931 -0.9194
vn -0.0348 0.9888 -0.1451
vn 0.0614 -0.9981 0.0100
vn -0.5168 0.8469 -0.1253
vn 0.0035 0.2017 -0.9794
vn -0.9922 -0.1232 -0.0191
vn 0.6231 0.7818 -0.0227
vn 0.0747 -0.8223 -0.5642
vn -0.0387 0.8107 -0.5842
vn 0.0103 -0.8669 0.4984
vn 0.0698 -0.8359 -0.5444
vn 0.0068 0.2454 -0.9694
vn 0.0104 -0.8669 0.4984
vn -0.0281 0.9721 -0.2329
vn -0.0778 0.9967 0.0216
vn -0.0426 0.4371 0.8984
vn 0.0937 -0.9954 -0.0180
vn -0.0425 0.4371 0.8984
vn 0.0936 -0.9954 -0.0180
vn 0.0369 -0.9125 -0.4074
vn 0.0370 -0.9125 -0.4074
vn -0.0220 -0.2146 -0.9764
vn 0.0084 0.3932 -0.9194
vn -0.0350 0.9888 -0.1451
vn 0.0593 -0.7342 -0.6763
vn 0.0608 -0.9977 -0.0295
vn -0.5010 -0.8652 0.0218
vn -0.0731 0.9543 0.2898
vn -0.0666 0.8442 0.5319
vn -0.0665 0.8442 0.5319
vn 0.0715 -0.9127 -0.4023
vn 0.0745 -0.8223 -0.5642
vn -0.0388 0.8107 -0.5842
vn 0.0107 -0.8669 0.4984
vn 0.0108 -0.8669 0.4984
vn -0.0284 0.9721 -0.2329
vn 0.0364 -0.7371 0.6748
vn -0.0142 0.4035 0.9149
vn 0.0435 -0.2317 -0.9718
vn 0.0371 -0.9125 -0.4074
vn 0.9862 0.1043 -0.1288
vn -0.1921 0.9796 0.0593
vn -0.0512 0.8758 -0.4800
vn -0.0211 0.8097 -0.5864
vn -0.9199 0.3918 0.0168
vn 0.9861 0.1042 -0.1296
vn 0.0568 -0.4155 -0.9078
vn 0.0101 0.0900 0.9959
vn -0.0554 0.9984 -0.0072
vn 0.7332 -0.6778 0.0553
vn -0.0680 0.9958 -0.0620
vn 0.0227 0.9936 -0.1106
vn 0.9864 0.1044 -0.1273
vn 0.9899 0.0377 0.1364
vn -0.0281 -0.0817 0.9963
vn -0.1301 -0.9906 0.0415
vn -0.7152 -0.6963 0.0611
vn 0.0117 -0.9955 -0.0939
vn 0.0228 0.9937 -0.1093
vn -0.0051 0.9988 -0.0491
vn 0.5208 -0.8535 0.0165
vn -0.2400 0.9699 -0.0404
vn -0.3754 0.9184 -0.1249
vn -0.4011 0.9153 0.0375
vn 0.0635 -0.9349 -0.3493
vn 0.9548 0.2896 -0.0667
vn 0.3112 0.9463 -0.0879
vn -0.4075 -0.9050 0.1219
vn -0.3754 0.9187 -0.1227
vn -0.0479 0.9962 -0.0726
vn -0.9973 0.0735 -0.0000
vn -0.9976 0.0691 0.0001
vn -0.9973 0.0739 0.0001
vn -0.0000 -0.1880 0.9822
vn -0.9822 -0.1880 -0.0000
vn -0.0000 -1.0000 -0.0000
vn 0.9822 -0.1880 -0.0000
vn -0.0000 -0.1880 -0.9822
vn -0.0000 0.5137 -0.8580
vn 0.9973 0.0735 -0.0000
vn -0.0000 0.0735 -0.9973
vn -0.0000 0.0733 -0.9973
vn -0.0000 0.0737 -0.9973
vn -0.0000 0.0727 -0.9974
vn -0.0000 0.0735 0.9973
vn -0.0000 0.0734 0.9973
vn -0.0002 0.0798 0.9968
vn -0.0000 1.0000 -0.0000
vn 0.8580 0.5137 -0.0000
vn -0.8580 0.5137 -0.0000
vn -0.0000 0.5137 0.8580
vn -0.0001 0.0749 0.9972
vn -0.0642 0.9232 0.3790
vn -0.0000 0.0749 0.9972
vn -0.0000 0.0749 -0.9972
vn 0.0001 0.0748 0.9972
vn -0.0674 0.9977 -0.0125
vn 0.0001 0.0748 -0.9972
vn -0.0603 0.9980 0.0173
vn -0.0000 0.0747 -0.9972
vn 0.0005 0.0118 -0.9999
vn -0.0000 0.0744 -0.9972
vn -0.9971 0.0761 0.0001
vn -0.9972 0.0751 -0.0000
vn -0.9973 0.0740 -0.0000
vn 0.0737 -0.9680 0.2398
vn -0.9972 0.0749 -0.0000
vn -0.9972 0.0747 -0.0000
vn 0.0001 0.0764 0.9971
vn -0.0000 0.0751 0.9972
vn -0.0000 0.0759 0.9971
vn 0.0327 -0.9985 -0.0448
vn -0.0000 0.0754 0.9972
vn -0.0000 0.0719 0.9974
vn -0.0000 0.0750 0.9972
vn 0.0741 -0.9685 -0.2376
vn -0.0054 0.0741 0.9972
vn 0.0520 -0.6993 -0.7129
vn 0.0898 -0.9928 0.0788
vn -0.0256 0.3456 -0.9380
vn -0.0854 0.9872 -0.1350
vn 0.0314 -0.6725 0.7395
vn -0.0327 0.7487 0.6621
vn 0.0901 -0.9926 0.0808
vn -0.0174 0.9988 -0.0456
vn 0.0315 -0.6725 0.7395
vn -0.0207 0.7174 0.6963
vn -0.8324 0.5541 -0.0113
vn -0.0764 0.6248 -0.7771
vn -0.0404 0.9927 -0.1141
vn 0.9254 -0.3700 0.0825
vn -0.0216 0.3041 -0.9524
vn 0.2091 0.9686 -0.1346
vn -0.2634 0.9641 0.0340
vn 0.0019 -0.0814 -0.9967
vn -0.0789 0.8404 -0.5362
vn 0.0812 -0.8251 0.5591
vn 0.0748 -0.9971 0.0101
vn -0.9809 0.1943 -0.0009
vn -0.0041 0.0786 -0.9969
vn -0.0564 0.9779 -0.2013
vn -0.9110 0.4096 -0.0471
vn -0.1846 0.9818 0.0452
vn -0.0006 -0.0256 0.9997
vn 0.9563 0.2911 -0.0256
vn -0.0472 0.5528 0.8320
vn -0.0330 0.4178 -0.9079
vn -0.0036 -0.0080 1.0000
vn -0.0602 0.9982 0.0007
vn -0.0266 -0.0859 -0.9960
vn 0.1654 -0.9854 0.0408
vn 0.0641 -0.4797 0.8751
vn -0.0556 0.9719 0.2290
vn -0.9972 0.0744 -0.0000
vn -0.0161 0.1915 0.9814
vn -0.9021 -0.4315 0.0073
vn 0.0150 -0.2255 0.9741
vn -0.0092 0.1414 -0.9899
vn 0.9993 -0.0088 -0.0362
vn 0.0753 -0.9972 0.0018
vn 0.0530 0.9974 0.0492
vn 0.8465 -0.5324 0.0085
vn -0.1166 -0.9918 0.0519
vn -0.0930 0.9954 -0.0219
vn -0.0489 0.4316 -0.9007
vn -0.0929 0.9954 -0.0219
vn -0.9353 0.3513 0.0418
vn -0.0853 0.9872 -0.1350
vn 0.0316 -0.6725 0.7395
vn -0.0329 0.7487 0.6621
vn 0.0707 -0.9957 0.0597
vn -0.0242 0.4352 0.9000
vn 0.9991 -0.0192 -0.0369
vn -0.0744 0.9671 -0.2434
vn -0.0733 0.9217 0.3810
vn -0.7724 -0.6273 0.0996
vn -0.0750 0.9970 -0.0173
vn -0.3334 -0.9426 -0.0192
vn 0.0593 -0.9718 0.2283
vn 0.0326 -0.9263 -0.3753
vn -0.0755 0.9971 0.0012
vn 0.8384 -0.5441 -0.0339
vn 0.0593 -0.9688 -0.2404
vn 0.0602 -0.9982 -0.0035
vn 0.0004 -0.0250 -0.9997
vn 0.1733 0.9832 0.0571
vn 0.0877 -0.9961 0.0061
vn 0.0355 -0.7762 0.6295
vn -0.0705 0.7531 0.6541
vn 0.6540 0.7550 -0.0487
vn 0.0382 -0.7093 0.7039
vn 0.9151 0.4015 -0.0363
vn 0.0203 -0.4943 0.8690
vn 0.8341 0.5486 -0.0573
vn -0.0608 0.9982 -0.0002
vn 0.0638 -0.4798 0.8751
vn 0.0637 -0.4798 0.8751
vn 0.0098 0.9986 -0.0524
vn 0.0554 -0.7363 0.6744
vn -0.0166 -0.9961 0.0871
vn -0.7362 0.6745 0.0552
vn -0.1572 -0.9864 -0.0471
vn 0.9992 0.0169 -0.0367
vn 0.0677 -0.9628 -0.2617
vn 0.0159 -0.2146 -0.9766
vn -0.0588 0.7894 -0.6110
vn 0.0009 -0.2174 0.9761
vn 0.0160 0.2214 0.9751
vn 0.0821 -0.9604 -0.2664
vn 0.0232 -0.8662 -0.4991
vn 0.0469 -0.9713 0.2332
vn -0.0423 0.9714 0.2337
vn 0.1440 -0.9886 -0.0433
vn 0.0234 -0.8662 -0.4991
vn 0.0470 -0.9713 0.2332
vn -0.0424 0.9714 0.2337
vn 0.0819 -0.9451 0.3162
vn -0.0550 0.8208 -0.5686
vn -0.9989 0.0271 -0.0375
vn -0.0928 0.9954 -0.0219
vn -0.0488 0.4316 -0.9007
vn -0.0487 0.4316 -0.9007
vn 0.0016 -0.0104 -0.9999
vn -0.2042 -0.9733 0.1053
vn 0.9840 -0.1768 -0.0237
vn 0.0189 0.9967 0.0788
vn 0.0137 -0.1855 -0.9826
vn 0.0865 -0.8910 0.4456
vn -0.9655 0.2333 0.1158
vn -0.6561 -0.7531 -0.0495
vn -0.0768 0.9938 -0.0807
vn 0.0674 -0.9976 0.0139
vn 0.0357 -0.7762 0.6295
vn -0.0704 0.7531 0.6541
vn 0.0358 -0.7762 0.6295
vn -0.0703 0.7531 0.6541
vn -0.0650 0.8964 -0.4385
vn 0.0782 0.9958 -0.0472
vn 0.0592 -0.9982 -0.0099
vn 0.6422 0.7638 -0.0641
vn 0.9993 -0.0104 0.0372
vn 0.0018 -0.0814 -0.9967
vn -0.0790 0.8404 -0.5362
vn 0.0814 -0.8251 0.5591
vn 0.0275 -0.0227 0.9994
vn 0.6562 -0.7543 0.0204
vn 0.0127 -0.0847 -0.9963
vn 0.0658 -0.9150 0.3981
vn 0.0678 -0.9628 -0.2617
vn 0.0010 -0.2174 0.9761
vn 0.0158 0.2214 0.9751
vn 0.0681 -0.9623 -0.2633
vn 0.0236 -0.8662 -0.4991
vn 0.0471 -0.9713 0.2332
vn -0.0426 0.9714 0.2337
vn 0.0157 0.2214 0.9751
vn -0.0661 0.9976 0.0206
vn 0.0237 -0.8662 -0.4991
vn 0.0472 -0.9713 0.2332
vn -0.0427 0.9714 0.2337
vn -0.9979 0.0643 0.0002
vn 0.0619 -0.8168 -0.5735
vn 0.0743 -0.9688 -0.2365
vn 0.0327 -0.5470 -0.8365
vn 0.0406 -0.5383 -0.8418
vn 0.2312 0.9714 0.0535
vn -0.0535 0.9968 -0.0588
vn 0.1009 -0.9756 0.1948
vn 0.9948 0.0848 0.0562
vn 0.0863 -0.8911 0.4456
vn 0.0857 -0.8900 0.4478
vn -0.1708 0.9843 -0.0448
vn 0.0917 0.9944 0.0531
vn 0.0032 0.9999 0.0156
vn -0.0561 0.9744 0.2177
vn -0.0808 -0.9962 0.0310
vn -0.1722 0.9840 -0.0448
vn 0.6333 0.7718 0.0581
vn -0.1761 0.9832 0.0488
vn 0.0645 -0.9964 -0.0543
vn 0.0637 -0.9938 -0.0907
vn -0.7949 -0.6047 -0.0492
vn -0.9994 -0.0012 -0.0338
vn -0.8942 0.4476 -0.0027
vn 0.0752 -0.9972 0.0042
vn -0.9524 0.3043 0.0169
vn -0.0310 0.4392 -0.8978
vn -0.4973 0.8670 0.0319
vn 0.9875 0.1566 0.0166
vn -0.8432 -0.5348 -0.0553
vn 0.5297 -0.8479 -0.0207
vn -0.3495 0.9364 0.0329
vn -0.4973 0.8670 0.0318
vn -0.9945 0.0959 -0.0429
vn 0.5297 -0.8479 -0.0208
vn -0.9992 -0.0037 -0.0387
vn 0.9938 0.1024 -0.0443
vn 0.9887 0.1460 0.0325
vn -0.0644 0.9978 -0.0180
vn -0.0086 -0.0037 1.0000
vn -0.9723 -0.2277 0.0518
vn -0.2080 0.9759 0.0655
vn -0.0446 0.6326 0.7732
vn 0.0012 -0.0276 -0.9996
vn 0.8843 -0.4668 0.0113
vn 0.0528 -0.6668 -0.7434
vn -0.0032 -0.9985 -0.0551
vn 0.3407 0.9387 0.0533
vn 0.0302 0.0869 -0.9958
vn -0.0495 0.9973 -0.0536
vn 0.0577 -0.9969 -0.0538
vn -0.3900 -0.9108 -0.1354
vn -0.8698 0.4933 -0.0119
vn 0.8007 -0.5780 -0.1572
vn 0.8825 -0.4702 0.0128
vn -0.7949 -0.6047 -0.0494
vn -0.7392 -0.6730 0.0264
vn 0.8513 -0.5176 -0.0855
vn -0.0721 0.9622 0.2627
vn -0.7392 -0.6729 0.0271
vn -0.0735 0.9643 -0.2545
vn 0.2256 -0.9731 -0.0468
vn 0.0768 -0.9968 -0.0215
vn -0.0056 0.0267 -0.9996
vn -0.9934 0.1113 -0.0292
vn -0.0678 0.8939 0.4430
vn 0.7498 0.6586 0.0642
vn 0.9989 -0.0363 -0.0308
vn -0.0739 0.9711 -0.2268
vn 0.2250 0.9729 -0.0539
vn 0.3842 -0.9228 -0.0289
vn 0.3046 -0.9444 0.1241
vn 0.0153 -0.2248 -0.9743
vn 0.1448 -0.9884 0.0448
vn 0.9907 0.1308 0.0381
vn -0.2205 -0.9739 0.0546
vn 0.9732 -0.2294 -0.0172
vn -0.0509 0.9975 0.0492
vn -0.2909 0.9556 0.0470
vn 0.0291 -0.9995 -0.0116
vn -0.8999 -0.4149 -0.1343
vn -0.7307 0.6827 -0.0009
vn 0.0290 -0.9995 -0.0119
vn -0.0894 -0.9905 0.1046
vn -0.7949 -0.6047 -0.0495
vn -0.1761 0.9832 0.0487
vn -0.7105 -0.7016 0.0542
vn -0.0399 0.5415 0.8398
vn 0.0221 -0.9986 0.0487
vn 0.9956 0.0749 -0.0567
vn 0.0596 -0.9981 -0.0155
vn 0.9657 0.2524 0.0608
vn -0.1480 0.9879 0.0461
vn -0.0358 0.1992 0.9793
vn 0.0259 0.9982 0.0536
vn 0.3123 0.9499 -0.0077
vn 0.0052 0.9989 0.0470
vn 0.9628 0.2692 0.0213
vn -0.1072 -0.9923 -0.0624
vn -0.0734 0.9630 0.2595
vn -0.0487 0.4873 -0.8719
vn 0.0954 -0.9941 -0.0512
vn -0.8698 0.4933 -0.0120
vn 0.8503 -0.5204 -0.0786
vn -0.6815 0.7317 -0.0133
vn -0.7390 -0.6730 0.0293
vn 0.8825 -0.4702 0.0127
vn -0.8612 0.5054 -0.0541
vn -0.1324 -0.9898 0.0531
vn -0.1571 -0.9871 -0.0298
vn 0.0558 -0.8538 -0.5175
vn -0.0170 0.9965 0.0821
vn -0.9746 -0.2219 -0.0319
vn 0.0118 -0.2275 -0.9737
vn 0.1630 -0.9855 -0.0478
vn 0.0534 -0.9978 0.0384
vn -0.0421 0.5464 -0.8365
vn -0.0586 0.8838 0.4642
vn -0.3830 0.9231 0.0346
vn -0.0302 0.9622 -0.2706
vn -0.0000 0.0746 0.9972
vn -0.0993 0.9521 -0.2893
vn -0.1510 0.9874 0.0474
vn -0.0753 0.9959 0.0501
vn 0.2321 0.9708 0.0604
vn 0.5596 0.8248 0.0811
vn -0.8336 0.5524 0.0016
vn 0.8610 0.5029 -0.0765
vn 0.2867 0.9459 0.1518
vn 0.0290 -0.9995 -0.0125
vn -0.7307 0.6827 -0.0008
vn 0.0291 -0.9995 -0.0128
vn 0.0003 -0.0075 1.0000
vn 0.0511 -0.8342 0.5491
vn 0.6832 0.7284 0.0525
vn 0.0463 -0.9688 0.2435
vn 0.0015 -0.0301 0.9995
vn 0.0071 -0.9987 0.0510
vn 0.3846 -0.9221 0.0430
vn -0.3587 -0.9318 -0.0566
vn -0.5322 0.8466 0.0057
vn -0.6035 0.7973 0.0096
vn 0.4407 -0.8975 -0.0131
vn 0.4761 0.8765 0.0720
vn 0.9938 0.1024 -0.0441
vn 0.9887 0.1460 0.0324
vn -0.9991 0.0054 0.0414
vn 0.4012 -0.9158 -0.0200
vn 0.0533 -0.9982 -0.0287
vn 0.0613 -0.4648 0.8833
vn 0.6333 0.7717 0.0580
vn 0.9633 0.2680 0.0171
vn 0.0631 -0.9651 0.2542
vn 0.1271 0.9904 0.0551
vn 0.9642 0.2641 0.0227
vn -0.9937 -0.1051 0.0376
vn -0.0653 0.6199 -0.7819
vn -0.0595 -0.9965 0.0583
vn 0.9730 -0.2303 0.0164
vn 0.9803 -0.1906 -0.0524
vn 0.7638 -0.6455 -0.0023
vn -0.0669 0.9304 -0.3603
vn 0.9971 0.0674 0.0355
vn 0.8396 0.5403 0.0569
vn -0.1213 0.9911 -0.0554
vn -0.5273 0.8487 0.0399
vn -0.9945 0.0959 -0.0426
vn 0.5297 -0.8479 -0.0206
vn -0.4977 0.8667 0.0320
vn -0.9945 0.0958 -0.0424
vn -0.0035 -0.0024 1.0000
vn -0.0636 0.9741 -0.2171
vn 0.2321 0.9708 0.0603
vn 0.5598 0.8247 0.0808
vn 0.5597 0.8248 0.0806
vn 0.0733 -0.9678 -0.2410
vn 0.9919 0.1209 -0.0391
vn 0.9972 0.0437 0.0613
vn -0.9078 0.4186 -0.0273
vn -0.7217 -0.6899 0.0573
vn 0.0345 0.9983 0.0479
vn -0.9997 -0.0075 -0.0224
vn 0.0228 -0.9985 -0.0500
vn 0.4745 -0.8799 -0.0242
vn -0.5835 -0.8060 -0.0990
vn -0.3600 -0.9309 -0.0615
vn -0.3597 -0.9311 -0.0613
vn 0.4383 -0.8988 -0.0084
vn 0.8389 -0.5443 0.0003
vn -0.2148 -0.9750 0.0560
vn -0.0325 0.5446 -0.8381
vn 0.9995 -0.0146 -0.0264
vn 0.8522 -0.5156 -0.0887
vn 0.9980 -0.0277 0.0574
vn 0.0636 -0.8296 -0.5548
vn 0.0418 -0.7031 0.7099
vn 0.0300 -0.0828 0.9961
vn -0.0587 0.9768 0.2059
vn -0.0206 0.3485 0.9371
vn -0.0206 0.3486 0.9371
vn -0.0705 0.9886 0.1330
vn -0.0217 0.7506 -0.6604
vn 0.0319 0.9980 0.0543
vn -0.0749 0.9718 -0.2238
vn 0.8922 0.4476 -0.0608
vn 0.0007 -0.0815 0.9967
vn -0.0159 0.1231 -0.9923
vn 0.0690 -0.8293 -0.5546
vn -0.4506 -0.8892 -0.0789
vn 0.0689 -0.8293 -0.5546
vn -0.0867 0.8993 -0.4286
vn 0.0324 0.9957 0.0868
vn -0.8390 0.5442 -0.0007
vn 0.9714 -0.2373 -0.0032
vn 0.0591 -0.9982 -0.0064
vn -0.0075 0.1050 -0.9944
vn -0.9963 0.0808 0.0296
vn -0.0329 0.5522 0.8330
vn 0.8438 0.5354 -0.0352
vn 0.1683 -0.9857 -0.0063
vn 0.2326 -0.9716 -0.0441
vn -0.0042 0.0517 0.9987
vn -0.8013 0.5982 -0.0115
vn 0.0043 -0.5503 -0.8350
vn -0.0157 0.5722 0.8200
vn 0.0118 -0.5506 -0.8347
vn 0.7506 -0.6600 -0.0323
vn -0.0276 0.4703 0.8821
vn -0.0708 0.8200 -0.5679
vn -0.0120 0.1539 -0.9880
vn 0.0727 -0.9778 -0.1965
vn 0.9990 -0.0332 0.0291
vn 0.0328 -0.9988 -0.0357
vn -0.0015 -0.0011 -1.0000
vn -0.9809 -0.1892 -0.0440
vn 0.8825 -0.4702 0.0126
vn 0.0004 -0.0076 -1.0000
vn -0.0871 0.9356 -0.3421
vn 0.0750 -0.9796 0.1867
vn -0.7550 -0.6526 0.0643
vn -0.0010 0.0546 -0.9985
vn 0.0608 -0.9693 0.2384
vn 0.1532 -0.9876 -0.0342
vn -0.0620 0.9949 0.0801
vn 0.0425 -0.5569 0.8295
vn -0.9996 -0.0214 0.0191
vn 0.0499 -0.4157 -0.9081
vn 0.0740 -0.6743 0.7347
vn -0.0945 0.9945 0.0460
vn 0.0498 -0.4157 -0.9081
vn -0.0515 0.5179 -0.8539
vn 0.0739 -0.6743 0.7347
vn 0.0628 -0.5665 -0.8217
vn -0.0535 0.9968 -0.0587
vn 0.0327 0.9957 0.0872
vn -0.0536 0.9968 -0.0588
vn -0.0704 0.9886 0.1330
vn -0.0104 0.7185 -0.6955
vn 0.6143 0.7867 0.0613
vn -0.0033 0.9985 0.0540
vn 0.0614 -0.9981 0.0049
vn -0.9989 -0.0108 -0.0463
vn 0.0741 -0.9671 -0.2435
vn -0.7669 0.6417 0.0036
vn -0.9902 0.1366 0.0307
vn -0.0594 0.7576 -0.6500
vn -0.0593 0.7575 -0.6501
vn 0.0045 -0.5503 -0.8350
vn -0.0159 0.5722 0.8200
vn 0.1933 0.9798 0.0514
vn 0.0005 0.9981 -0.0618
vn -0.0002 -0.0240 -0.9997
vn 0.0458 -0.7200 0.6924
vn -0.0753 0.9972 -0.0020
vn 0.0082 -0.9986 -0.0517
vn 0.0629 -0.9604 0.2714
vn 0.0128 -0.2166 0.9762
vn -0.0516 0.7992 0.5988
vn 0.0628 -0.9604 0.2715
vn 0.0325 -0.9722 -0.2320
vn -0.0472 0.7927 0.6077
vn -0.1712 -0.9839 0.0515
vn 0.0326 -0.9722 -0.2320
vn -0.0735 0.9637 0.2569
vn -0.0019 -0.9987 -0.0503
vn 0.0388 -0.9962 -0.0781
vn 0.0497 -0.4157 -0.9082
vn 0.0737 -0.6743 0.7347
vn -0.0942 0.9945 0.0460
vn 0.0232 -0.6570 -0.7535
vn 0.0496 -0.4157 -0.9082
vn -0.0564 0.5181 -0.8535
vn 0.0736 -0.6743 0.7348
vn 0.0001 0.0751 -0.9972
vn -0.0744 0.9972 -0.0010
vn -0.8820 0.4712 -0.0014
vn 0.0598 -0.9776 -0.2016
vn -0.0475 0.6434 0.7641
vn 0.0003 -0.0049 -1.0000
vn 0.0109 -0.2973 -0.9547
vn -0.0380 0.6460 -0.7624
vn 0.0975 -0.9904 -0.0980
vn -0.9976 0.0617 0.0310
vn -0.0403 0.9204 0.3889
vn -0.0408 0.1053 -0.9936
vn -0.0216 0.0305 -0.9993
vn -0.0426 0.8978 0.4384
vn 0.0843 -0.9504 -0.2994
vn -0.0592 0.7575 -0.6501
vn 0.0402 -0.5368 -0.8428
vn -0.8399 -0.5399 0.0560
vn 0.0644 -0.9875 0.1436
vn -0.9993 -0.0019 0.0372
vn -0.0679 0.9970 -0.0364
vn 0.0323 -0.5403 0.8408
vn 0.7880 0.6149 -0.0316
vn 0.0751 -0.9972 -0.0006
vn -0.0709 0.9974 0.0095
vn 0.0006 -0.0815 0.9967
vn -0.0160 0.1231 -0.9923
vn 0.0692 -0.8293 -0.5546
vn 0.0057 -0.0956 0.9954
vn 0.0691 -0.8293 -0.5546
vn -0.0870 0.8993 -0.4286
vn 0.0546 -0.9700 0.2367
vn 0.0327 -0.9722 -0.2320
vn 0.0597 -0.9682 -0.2430
vn 0.0328 -0.9722 -0.2320
vn -0.0000 0.0720 -0.9974
vn -0.9831 -0.1570 -0.0943
vn 0.0331 -0.5457 0.8373
vn -0.0523 0.9642 0.2601
vn -0.0047 0.0299 0.9995
vn -0.0710 0.8200 -0.5679
vn 0.5543 0.8311 -0.0444
vn 0.0605 -0.9803 -0.1881
vn -0.9988 -0.0267 -0.0421
vn -0.0404 0.9204 0.3889
vn -0.0405 0.1053 -0.9936
vn -0.0405 0.9204 0.3889
vn 0.0081 0.0023 -1.0000
vn 0.0279 -0.5518 0.8335
vn -0.9804 0.1957 0.0214
vn 0.9937 0.1060 -0.0371
vn -0.0470 0.6445 0.7631
vn -0.0417 0.9979 0.0499
vn -0.0731 0.9973 -0.0000
vn 0.0731 -0.9632 0.2587
vn 0.7443 0.6658 0.0522
vn -0.8841 -0.4667 0.0242
vn 0.6540 0.7549 -0.0488
vn 0.7790 -0.6267 -0.0182
vn 0.1804 0.9753 -0.1276
vn -0.1514 -0.9870 -0.0542
vn -0.9691 0.2456 -0.0205
vn -0.0098 0.1555 0.9878
vn 0.1987 -0.9798 0.0232
vn 0.6043 -0.7950 -0.0526
vn -0.6643 -0.7405 -0.1019
vn 0.0515 0.9973 0.0529
vn 0.0752 -0.9964 0.0389
vn -0.9937 -0.1051 0.0377
vn -0.9992 0.0017 0.0402
vn -0.9831 -0.1569 -0.0947
vn 0.2720 -0.9615 0.0398
vn 0.3700 0.9282 -0.0402
vn -0.4501 0.8925 -0.0296
vn 0.2721 -0.9615 0.0399
vn 0.3705 0.9267 -0.0625
vn -0.0238 0.4292 0.9029
vn 0.8426 -0.5386 -0.0007
vn 0.2087 -0.9769 0.0461
vn -0.0639 0.9977 0.0208
vn 0.0316 0.9956 0.0881
vn 0.0151 0.9974 0.0699
vn 0.7880 0.6148 -0.0322
vn -0.3436 0.9381 -0.0434
vn 0.0612 -0.9960 -0.0648
vn -0.0475 0.9988 0.0154
vn -0.7533 0.6577 -0.0035
vn -0.7391 -0.6730 0.0285
vn -0.0610 0.9968 -0.0511
vn -0.7550 -0.6526 0.0642
vn -0.8241 0.5665 0.0012
vn -0.8012 0.5982 -0.0115
vn 0.8267 -0.5627 -0.0012
vn -0.9939 0.1105 -0.0044
vn -0.0277 0.5942 -0.8039
vn -0.9968 0.0759 0.0265
vn -0.1942 0.9799 -0.0445
vn 0.0742 -0.9778 0.1957
vn 0.6640 0.7452 -0.0613
vn -0.9658 -0.2492 -0.0715
vn -0.0597 0.9642 -0.2583
vn -0.9931 0.1133 0.0303
vn -0.8229 -0.5459 0.1572
vn 0.0001 0.0829 -0.9966
vn 0.0003 -0.0275 0.9996
vn -0.7977 -0.5931 0.1090
vn -0.1349 0.9898 -0.0459
vn -0.0097 -0.9986 0.0515
vn 0.7880 0.6149 -0.0318
vn 0.0427 0.9952 -0.0879
vn -0.0402 0.9979 -0.0512
vn -0.1365 -0.9893 -0.0514
vn 0.0126 0.1061 0.9943
vn 0.9469 0.3163 0.0581
vn 0.0001 -0.9983 -0.0584
vn 0.1073 0.9932 -0.0459
vn 0.7790 -0.6268 -0.0191
vn 0.7790 -0.6267 -0.0184
vn -0.9986 0.0495 0.0192
vn 0.0102 -0.1718 0.9851
vn -0.0012 -0.0030 1.0000
vn 0.0210 -0.6471 -0.7622
vn -0.0488 0.9587 0.2801
vn -0.8446 -0.5322 -0.0585
vn -0.0035 -0.9985 0.0540
vn -0.0000 0.0754 -0.9972
vn 0.1953 0.9790 -0.0591
vn -0.9774 -0.1717 -0.1236
vn 0.9934 0.1083 0.0387
vn 0.0531 -0.9821 0.1808
vn -0.7217 -0.6899 0.0574
vn -0.0302 0.9991 0.0302
vn -0.1435 0.9873 0.0687
vn -0.0746 0.9971 -0.0145
vn -0.0863 0.9860 0.1425
vn 0.9994 0.0056 0.0342
vn 0.1652 0.9848 -0.0530
vn 0.8267 -0.5627 -0.0011
vn -0.8175 0.5746 -0.0388
vn -0.8237 0.5670 0.0039
vn -0.8114 0.5845 0.0052
vn -0.7872 0.6158 0.0336
vn 0.9887 0.1461 0.0323
vn -0.0270 -0.9984 -0.0504
vn 0.0461 -0.8937 0.4462
vn 0.0115 -0.9974 -0.0718
vn 0.0497 -0.8167 0.5749
vn 0.3450 0.9367 -0.0593
vn -0.0972 0.9741 -0.2041
vn -0.2682 -0.9615 0.0605
vn -0.2681 -0.9615 0.0605
vn 0.9918 -0.1147 0.0561
vn -0.9987 -0.0284 0.0415
vn -0.7866 0.6164 0.0372
vn 0.7880 0.6148 -0.0325
vn 0.9972 0.0749 -0.0000
vn -0.0021 0.9971 -0.0756
vn -0.8698 0.4933 -0.0118
vn -0.0020 0.9972 -0.0754
vn 0.0127 -0.1702 -0.9853
vn -0.0270 0.7883 -0.6147
vn -0.9944 0.0209 -0.1040
vn 0.0900 -0.9928 0.0788
vn -0.0089 0.9987 -0.0511
vn 0.0171 -0.2207 0.9752
vn -0.0797 0.8694 0.4877
vn 0.8785 -0.4765 -0.0341
vn 0.3600 -0.9324 0.0329
vn -0.0670 0.9632 0.2604
vn 0.9938 0.1024 -0.0442
vn -0.9991 0.0053 0.0414
vn 0.3593 -0.9327 0.0322
vn -0.9830 -0.1568 -0.0956
vn -0.4314 -0.9019 -0.0192
vn -0.9996 -0.0168 0.0246
vn 0.9628 0.2692 0.0215
vn -0.0572 0.9736 0.2212
vn -0.1955 -0.9791 -0.0561
vn -0.2371 -0.9610 0.1421
vn -0.6637 -0.7475 -0.0263
vn -0.1437 0.9874 0.0658
vn -0.0001 0.0675 -0.9977
vn 0.0405 -0.5417 0.8396
vn -0.2635 0.9646 0.0131
vn 0.9972 0.0638 0.0382
vn -0.0490 0.9296 0.3654
vn -0.0628 0.9811 0.1828
vn 0.0198 -0.9986 0.0499
vn 0.5557 0.8294 -0.0564
vn -0.6745 0.7382 0.0130
vn 0.1491 -0.9877 0.0460
vn -0.0087 0.9988 -0.0472
vn -0.0759 0.9958 0.0516
vn 0.2721 -0.9615 0.0398
vn 0.3700 0.9282 -0.0397
vn -0.4501 0.8925 -0.0295
vn 0.3705 0.9267 -0.0626
vn -0.7307 0.6827 -0.0005
vn 0.0704 -0.9975 -0.0064
vn 0.9918 -0.1148 0.0554
vn 0.9919 -0.1149 0.0541
vn 0.1895 -0.9810 0.0415
vn 0.7790 -0.6267 -0.0188
vn -0.0105 0.1407 0.9900
vn 0.0588 -0.9808 -0.1857
vn -0.0732 -0.9945 0.0755
vn 0.9919 -0.1149 0.0534
vn 0.3601 -0.9323 0.0330
vn 0.3600 -0.9324 0.0331
vn -0.0078 0.1112 0.9938
vn 0.1885 0.9802 -0.0611
vt 0.827187 0.783823
vt 0.827362 0.788408
vt 0.820876 0.795034
vt 0.858823 0.338802
vt 0.858823 0.328787
vt 0.859978 0.328749
vt 0.858785 0.733586
vt 0.858736 0.752390
vt 0.858736 0.726597
vt 0.979429 0.787477
vt 0.979541 0.787502
vt 0.979636 0.787531
vt 0.908911 0.836624
vt 0.900372 0.832706
vt 0.894031 0.824337
vt 0.894840 0.788988
vt 0.890283 0.787477
vt 0.908911 0.788491
vt 0.903370 0.789487
vt 0.901514 0.828213
vt 0.904720 0.833557
vt 0.861608 0.220717
vt 0.861742 0.220285
vt 0.861742 0.226983
vt 0.859435 0.922707
vt 0.860485 0.910069
vt 0.860485 0.933546
vt 0.975838 0.879932
vt 0.975977 0.907934
vt 0.979181 0.908416
vt 0.967467 0.908016
vt 0.967635 0.879874
vt 0.964006 0.879228
vt 0.979534 0.879230
vt 0.962548 0.908595
vt 0.830737 0.849586
vt 0.830262 0.864447
vt 0.830262 0.839641
vt 0.834257 0.404100
vt 0.802211 0.402881
vt 0.803089 0.416348
vt 0.806503 0.418095
vt 0.799141 0.418607
vt 0.799141 0.380341
vt 0.806476 0.379131
vt 0.803112 0.381947
vt 0.802293 0.395478
vt 0.834286 0.395069
vt 0.835493 0.390631
vt 0.979912 0.787947
vt 0.975665 0.789207
vt 0.975986 0.816856
vt 0.979912 0.817826
vt 0.962473 0.817846
vt 0.967723 0.816814
vt 0.967793 0.788922
vt 0.963773 0.787934
vt 0.863947 0.370551
vt 0.864869 0.366656
vt 0.864643 0.377568
vt 0.852064 0.377734
vt 0.851207 0.380958
vt 0.852190 0.365382
vt 0.852575 0.369496
vt 0.967687 0.840580
vt 0.964130 0.840045
vt 0.979940 0.839327
vt 0.975938 0.840319
vt 0.976656 0.868366
vt 0.980189 0.868817
vt 0.963809 0.869110
vt 0.968276 0.868366
vt 0.886121 0.717171
vt 0.858854 0.721482
vt 0.859049 0.711645
vt 0.957156 0.540632
vt 0.951365 0.567912
vt 0.944380 0.540713
vt 0.547319 0.965764
vt 0.547483 0.938146
vt 0.555544 0.938137
vt 0.275018 0.965851
vt 0.275183 0.938555
vt 0.283244 0.938546
vt 0.835270 0.409924
vt 0.131336 0.966999
vt 0.128053 0.939519
vt 0.138358 0.939293
vt 0.895192 0.346933
vt 0.867524 0.354553
vt 0.867881 0.342026
vt 0.111592 0.967080
vt 0.108309 0.939518
vt 0.118614 0.939293
vt 0.894950 0.464720
vt 0.867200 0.472340
vt 0.867557 0.459813
vt 0.879409 0.955492
vt 0.889054 0.948040
vt 0.888787 0.957917
vt 0.859216 0.230380
vt 0.859216 0.220331
vt 0.860105 0.220285
vt 0.971317 0.754304
vt 0.964020 0.781182
vt 0.964020 0.753802
vt 0.961077 0.653496
vt 0.958650 0.626107
vt 0.965655 0.626109
vt 0.971239 0.123890
vt 0.963942 0.150849
vt 0.963942 0.123389
vt 0.862502 0.807011
vt 0.890094 0.803387
vt 0.889999 0.816726
vt 0.869339 0.944502
vt 0.870601 0.972308
vt 0.861067 0.971360
vt 0.862341 0.593500
vt 0.890012 0.590059
vt 0.889916 0.603562
vt 0.897455 0.943801
vt 0.898716 0.971687
vt 0.889182 0.970742
vt 0.181061 0.966897
vt 0.177737 0.939665
vt 0.184794 0.939520
vt 0.817233 0.945716
vt 0.817482 0.973161
vt 0.808674 0.972295
vt 0.429546 0.937958
vt 0.424202 0.965347
vt 0.423380 0.938144
vt 0.433275 0.965213
vt 0.440866 0.938015
vt 0.161316 0.966977
vt 0.157993 0.939664
vt 0.165050 0.939520
vt 0.948910 0.653496
vt 0.944047 0.626138
vt 0.950654 0.626118
vt 0.405739 0.937958
vt 0.400394 0.965428
vt 0.399573 0.938144
vt 0.409468 0.965294
vt 0.417059 0.938015
vt 0.961794 0.313017
vt 0.961794 0.285566
vt 0.969289 0.285629
vt 0.205969 0.966093
vt 0.206133 0.938555
vt 0.214195 0.938546
vt 0.861840 0.321385
vt 0.889561 0.320738
vt 0.861862 0.328479
vt 0.886083 0.726282
vt 0.889718 0.181236
vt 0.862252 0.184433
vt 0.862505 0.177520
vt 0.175870 0.980560
vt 0.185420 0.982872
vt 0.175355 0.989054
vt 0.970414 0.409048
vt 0.963117 0.436171
vt 0.963117 0.408550
vt 0.970289 0.329495
vt 0.962992 0.356700
vt 0.962992 0.328999
vt 0.899458 0.231395
vt 0.889817 0.231184
vt 0.889750 0.227307
vt 0.268836 0.938368
vt 0.251987 0.965931
vt 0.245805 0.938368
vt 0.252151 0.938555
vt 0.124320 0.967137
vt 0.120996 0.939663
vt 0.879160 0.945480
vt 0.879409 0.973166
vt 0.731467 0.937088
vt 0.726122 0.964719
vt 0.725301 0.937274
vt 0.735195 0.964585
vt 0.742788 0.937145
vt 0.104576 0.967217
vt 0.101252 0.939661
vt 0.907276 0.944777
vt 0.907525 0.972543
vt 0.707660 0.937088
vt 0.702315 0.964800
vt 0.701494 0.937274
vt 0.711388 0.964666
vt 0.718981 0.937145
vt 0.290081 0.938381
vt 0.285647 0.965798
vt 0.889551 0.190088
vt 0.267050 0.938381
vt 0.262616 0.965878
vt 0.260213 0.938546
vt 0.188076 0.966758
vt 0.195099 0.939293
vt 0.894950 0.385447
vt 0.867524 0.393069
vt 0.867881 0.380542
vt 0.168332 0.966839
vt 0.175355 0.939293
vt 0.889799 0.506078
vt 0.862292 0.513700
vt 0.862648 0.501172
vt 0.199787 0.938368
vt 0.541136 0.937958
vt 0.965751 0.540310
vt 0.961793 0.567711
vt 0.862684 0.764074
vt 0.890034 0.760450
vt 0.889938 0.773789
vt 0.807413 0.944729
vt 0.799141 0.971339
vt 0.221032 0.938382
vt 0.216598 0.966040
vt 0.562381 0.937972
vt 0.557947 0.965711
vt 0.983100 0.540787
vt 0.983184 0.568008
vt 0.975970 0.540624
vt 0.901974 0.667895
vt 0.901977 0.658236
vt 0.902704 0.658222
vt 0.009671 0.975552
vt 0.000000 0.972008
vt 0.009673 0.969623
vt 0.980307 0.391272
vt 0.989993 0.398759
vt 0.980452 0.402373
vt 0.138358 0.974390
vt 0.148100 0.981157
vt 0.138358 0.984161
vt 0.946247 0.836858
vt 0.936413 0.838845
vt 0.936739 0.832515
vt 0.484861 0.982100
vt 0.494494 0.980848
vt 0.494800 0.996567
vt 0.840566 0.990118
vt 0.830941 0.992680
vt 0.830771 0.985618
vt 0.992601 0.228983
vt 0.982895 0.231544
vt 0.982725 0.224485
vt 0.858209 0.890022
vt 0.830737 0.897015
vt 0.830946 0.882218
vt 0.903355 0.658222
vt 0.903355 0.668122
vt 0.902704 0.668083
vt 0.946438 0.828288
vt 0.946472 0.829618
vt 0.956296 0.822741
vt 0.956277 0.832566
vt 0.944380 0.567914
vt 0.028496 0.982509
vt 0.037912 0.985565
vt 0.028522 0.990353
vt 0.918669 0.820489
vt 0.928492 0.827254
vt 0.918669 0.830260
vt 0.943144 0.975782
vt 0.952644 0.982521
vt 0.943144 0.985616
vt 0.859929 0.971303
vt 0.850316 0.971640
vt 0.850367 0.953771
vt 0.926691 0.986273
vt 0.917085 0.986168
vt 0.926675 0.977801
vt 0.869014 0.274416
vt 0.869014 0.283880
vt 0.867915 0.274530
vt 0.873857 0.166721
vt 0.873857 0.176179
vt 0.869361 0.166779
vt 0.976174 0.669083
vt 0.969937 0.696592
vt 0.965901 0.669507
vt 0.981903 0.524713
vt 0.972326 0.497594
vt 0.982167 0.497479
vt 0.980612 0.830545
vt 0.989871 0.831084
vt 0.980189 0.838877
vt 0.893791 0.540125
vt 0.893791 0.530687
vt 0.894588 0.540055
vt 0.059202 0.982616
vt 0.049433 0.982513
vt 0.059186 0.974151
vt 0.128463 0.982607
vt 0.118614 0.982507
vt 0.128447 0.974141
vt 0.858606 0.736646
vt 0.858696 0.736643
vt 0.858696 0.746694
vt 0.858760 0.726597
vt 0.858606 0.716554
vt 0.858760 0.716549
vt 0.853981 0.230426
vt 0.854172 0.220379
vt 0.855115 0.220360
vt 0.900570 0.668389
vt 0.901265 0.658239
vt 0.901265 0.668406
vt 0.917098 0.976739
vt 0.926868 0.970888
vt 0.936348 0.975791
vt 0.926990 0.971583
vt 0.936453 0.970888
vt 0.808728 0.991226
vt 0.799345 0.993796
vt 0.799176 0.986738
vt 0.898850 0.990611
vt 0.889386 0.993178
vt 0.889217 0.986116
vt 0.009659 0.985773
vt 0.000005 0.982963
vt 0.907411 0.982551
vt 0.907412 0.982377
vt 0.917069 0.981871
vt 0.941504 0.713143
vt 0.914359 0.721839
vt 0.913966 0.711645
vt 0.903506 0.572189
vt 0.902873 0.582218
vt 0.902873 0.572164
vt 0.907391 0.981353
vt 0.991526 0.741326
vt 0.981644 0.745389
vt 0.981822 0.735428
vt 0.049447 0.973104
vt 0.059379 0.967250
vt 0.118628 0.973099
vt 0.128640 0.967239
vt 0.894685 0.339176
vt 0.895002 0.329051
vt 0.895437 0.339176
vt 0.831460 0.744389
vt 0.858388 0.751463
vt 0.831090 0.753768
vt 0.862835 0.263254
vt 0.889671 0.269257
vt 0.861979 0.273858
vt 0.860423 0.882218
vt 0.861048 0.909329
vt 0.860423 0.909422
vt 0.011402 0.968400
vt 0.016858 0.941957
vt 0.018823 0.969623
vt 0.863152 0.634714
vt 0.890340 0.634188
vt 0.890555 0.644775
vt 0.977237 0.065913
vt 0.967447 0.066184
vt 0.967901 0.053092
vt 0.330398 0.938604
vt 0.328957 0.965658
vt 0.322856 0.938468
vt 0.960026 0.059758
vt 0.965482 0.033234
vt 0.967447 0.060981
vt 0.078564 0.966393
vt 0.081189 0.939293
vt 0.086249 0.966865
vt 0.519843 0.938286
vt 0.524564 0.965526
vt 0.518149 0.965955
vt 0.827283 0.909752
vt 0.799758 0.908773
vt 0.827444 0.895963
vt 0.496855 0.938286
vt 0.501577 0.965608
vt 0.495162 0.966037
vt 0.918551 0.314359
vt 0.923332 0.287336
vt 0.930202 0.317502
vt 0.597409 0.937958
vt 0.598141 0.965689
vt 0.597409 0.965791
vt 0.919422 0.567819
vt 0.918433 0.540310
vt 0.925259 0.540529
vt 0.028317 0.939565
vt 0.018823 0.966487
vt 0.018823 0.939293
vt 0.098870 0.966694
vt 0.088609 0.939502
vt 0.098323 0.939293
vt 0.948623 0.027591
vt 0.948623 -0.000000
vt 0.960026 0.029349
vt 0.138358 0.967274
vt 0.144649 0.940768
vt 0.147317 0.969315
vt 0.948459 0.109001
vt 0.948459 0.081328
vt 0.959862 0.110758
vt 0.598653 0.965834
vt 0.599355 0.937958
vt 0.599355 0.965935
vt 0.905676 0.847317
vt 0.897203 0.844835
vt 0.889182 0.848586
vt 0.894914 0.839326
vt 0.907872 0.839458
vt 0.915426 0.848591
vt 0.914503 0.863669
vt 0.907871 0.878532
vt 0.910669 0.868066
vt 0.912225 0.861597
vt 0.910852 0.853348
vt 0.231491 0.938368
vt 0.239877 0.965622
vt 0.229233 0.965692
vt 0.477983 0.964972
vt 0.476435 0.937968
vt 0.483257 0.937958
vt 0.962537 0.234397
vt 0.955440 0.261057
vt 0.951285 0.232970
vt 0.572843 0.937958
vt 0.581228 0.965295
vt 0.570582 0.965364
vt 0.453995 0.965053
vt 0.452458 0.937968
vt 0.459280 0.937958
vt 0.962452 0.500218
vt 0.955354 0.526962
vt 0.951200 0.498796
vt 0.965482 0.002661
vt 0.967447 0.030571
vt 0.863057 0.548917
vt 0.890490 0.548390
vt 0.890705 0.558979
vt 0.965318 0.083988
vt 0.967283 0.111979
vt 0.037776 0.939298
vt 0.039634 0.966212
vt 0.031938 0.966690
vt 0.952101 0.972639
vt 0.960337 0.946800
vt 0.960394 0.974474
vt 0.890440 0.655291
vt 0.863311 0.653292
vt 0.827731 0.971706
vt 0.827992 0.943907
vt 0.827830 0.971707
vt 0.879978 0.943662
vt 0.830262 0.845908
vt 0.830251 0.841999
vt 0.830262 0.839641
vt 0.899781 0.668119
vt 0.899789 0.658234
vt 0.900540 0.658222
vt 0.864204 0.274766
vt 0.866314 0.283979
vt 0.863983 0.284265
vt 0.890598 0.256730
vt 0.917588 0.262116
vt 0.890050 0.265345
vt 0.245663 0.938813
vt 0.239534 0.938382
vt 0.964176 0.261553
vt 0.890708 0.778882
vt 0.917767 0.784333
vt 0.890222 0.786698
vt 0.587012 0.938404
vt 0.580884 0.937972
vt 0.320975 0.965539
vt 0.313948 0.938368
vt 0.964090 0.527455
vt 0.894858 0.450502
vt 0.867874 0.442651
vt 0.895189 0.439467
vt 0.526824 0.937958
vt 0.535210 0.965457
vt 0.779904 0.964344
vt 0.778389 0.937098
vt 0.785211 0.937088
vt 0.962423 0.586137
vt 0.955325 0.613047
vt 0.951170 0.584723
vt 0.503837 0.937958
vt 0.512223 0.965539
vt 0.755916 0.964425
vt 0.754412 0.937098
vt 0.761234 0.937088
vt 0.962304 0.126109
vt 0.955205 0.153103
vt 0.951050 0.124699
vt 0.917921 0.253201
vt 0.918122 0.775419
vt 0.972641 0.567706
vt 0.965751 0.540310
vt 0.155554 0.943226
vt 0.155611 0.971144
vt 0.890590 0.569494
vt 0.863217 0.567495
vt 0.799141 0.916142
vt 0.859435 0.882218
vt 0.859333 0.910016
vt 0.858883 0.910013
vt 0.990987 0.410281
vt 0.981456 0.420645
vt 0.981255 0.408550
vt 0.973445 0.626107
vt 0.975768 0.653281
vt 0.965655 0.653443
vt 0.224512 0.938695
vt 0.222818 0.966121
vt 0.565862 0.938286
vt 0.564168 0.965793
vt 0.861615 0.907903
vt 0.888849 0.913286
vt 0.861067 0.916518
vt 0.540993 0.938404
vt 0.534865 0.937972
vt 0.964061 0.613534
vt 0.518006 0.938404
vt 0.511877 0.937972
vt 0.963942 0.153587
vt 0.863363 0.493112
vt 0.836135 0.485259
vt 0.863694 0.482076
vt 0.830580 0.943881
vt 0.830592 0.971614
vt 0.829609 0.971708
vt 0.797084 0.937088
vt 0.797754 0.964247
vt 0.797084 0.964350
vt 0.000000 0.966640
vt 0.000000 0.939293
vt 0.943144 0.970591
vt 0.949434 0.944334
vt 0.948624 0.057999
vt 0.948624 0.030571
vt 0.889182 0.904372
vt 0.209420 0.980968
vt 0.219003 0.974085
vt 0.218983 0.983909
vt 0.869014 0.274416
vt 0.873635 0.274607
vt 0.869370 0.284093
vt 0.944380 0.540310
vt 0.943551 0.567803
vt 0.938371 0.540489
vt 0.944047 0.626631
vt 0.941962 0.653798
vt 0.936436 0.626107
vt 0.895322 0.530687
vt 0.896002 0.540100
vt 0.895322 0.540152
vt 0.222852 0.980998
vt 0.232353 0.974113
vt 0.232334 0.983937
vt 0.981609 0.668847
vt 0.981609 0.696085
vt 0.970584 0.313099
vt 0.979784 0.285695
vt 0.966167 0.838808
vt 0.956296 0.839075
vt 0.956750 0.825981
vt 0.990493 0.407332
vt 0.980960 0.407977
vt 0.983400 0.626235
vt 0.983160 0.653434
vt 0.470242 0.985922
vt 0.460839 0.987681
vt 0.460881 0.975689
vt 0.504714 0.980908
vt 0.514458 0.974029
vt 0.514439 0.983854
vt 0.028481 0.973065
vt 0.037903 0.975589
vt 0.053200 0.966564
vt 0.048150 0.939847
vt 0.059975 0.939293
vt 0.175604 0.971640
vt 0.185214 0.971227
vt 0.858301 0.176813
vt 0.858300 0.166717
vt 0.858948 0.166816
vt 0.858948 0.176912
vt 0.899458 0.215985
vt 0.908975 0.222917
vt 0.899458 0.231552
vt 0.700295 0.985833
vt 0.690650 0.987587
vt 0.690692 0.975595
vt 0.910011 0.285015
vt 0.900154 0.284656
vt 0.900125 0.275713
vt 0.900151 0.265345
vt 0.910011 0.265686
vt 0.909984 0.276144
vt 0.882295 0.176763
vt 0.882193 0.166736
vt 0.883355 0.176729
vt 0.867967 0.283948
vt 0.470601 0.968185
vt 0.461358 0.965079
vt 0.398094 0.986652
vt 0.388297 0.988643
vt 0.388674 0.982733
vt 0.916685 0.909269
vt 0.889215 0.908801
vt 0.916642 0.899222
vt 0.895270 0.540087
vt 0.894588 0.530706
vt 0.895322 0.530687
vt 0.485218 0.996410
vt 0.980156 0.792323
vt 0.989676 0.795738
vt 0.979912 0.799901
vt 0.700653 0.968099
vt 0.691169 0.964984
vt 0.858139 0.907592
vt 0.694522 0.906457
vt 0.686187 0.900435
vt 0.685895 0.889160
vt 0.689892 0.882661
vt 0.696590 0.879314
vt 0.707200 0.880171
vt 0.712687 0.886000
vt 0.712687 0.897532
vt 0.705422 0.905000
vt 0.734929 0.186478
vt 0.726912 0.181800
vt 0.725531 0.170022
vt 0.730665 0.163233
vt 0.740596 0.159834
vt 0.748014 0.160055
vt 0.748014 0.185578
vt 0.488733 0.359847
vt 0.508027 0.359847
vt 0.500042 0.389340
vt 0.519841 0.725363
vt 0.599355 0.743298
vt 0.399573 0.743298
vt 0.478076 0.713864
vt 0.484845 0.722359
vt 0.496991 0.725790
vt 0.512997 0.725332
vt 0.725224 0.207943
vt 0.724932 0.196667
vt 0.728929 0.190169
vt 0.735627 0.186821
vt 0.746238 0.187680
vt 0.751725 0.193508
vt 0.751725 0.205039
vt 0.744459 0.212508
vt 0.733560 0.213965
vt 0.725823 0.153812
vt 0.725531 0.142536
vt 0.729529 0.136038
vt 0.736226 0.132691
vt 0.746837 0.133549
vt 0.752324 0.139377
vt 0.752324 0.150908
vt 0.745058 0.158377
vt 0.734159 0.159834
vt 0.655857 0.901143
vt 0.655565 0.889868
vt 0.659562 0.883369
vt 0.666260 0.880022
vt 0.676871 0.880880
vt 0.682357 0.886708
vt 0.682357 0.898240
vt 0.675092 0.905708
vt 0.664192 0.907165
vt 0.489409 0.081040
vt 0.449259 0.065721
vt 0.549380 0.065721
vt 0.508018 0.081090
vt 0.524778 0.237667
vt 0.524676 0.237665
vt 0.524782 0.237666
vt 0.524984 0.237671
vt 0.524886 0.237671
vt 0.524988 0.237650
vt 0.487037 0.601723
vt 0.488403 0.634685
vt 0.479987 0.640512
vt 0.479922 0.595437
vt 0.482512 0.541496
vt 0.503007 0.543251
vt 0.488390 0.573817
vt 0.480744 0.578839
vt 0.477710 0.586705
vt 0.503701 0.358830
vt 0.502810 0.326693
vt 0.516484 0.327431
vt 0.519184 0.330694
vt 0.517940 0.323396
vt 0.479675 0.323732
vt 0.471903 0.238067
vt 0.485795 0.237836
vt 0.484855 0.237169
vt 0.487843 0.217921
vt 0.501245 0.238674
vt 0.514593 0.218401
vt 0.517209 0.236979
vt 0.512954 0.238061
vt 0.525867 0.238368
vt 0.525437 0.237636
vt 0.524881 0.237667
vt 0.522996 0.237484
vt 0.521983 0.236550
vt 0.515356 0.206575
vt 0.499621 0.230809
vt 0.484149 0.206572
vt 0.489967 0.177238
vt 0.507408 0.177191
vt 0.503579 0.176337
vt 0.503363 0.148299
vt 0.507538 0.147165
vt 0.491449 0.146951
vt 0.494614 0.114182
vt 0.497020 0.121074
vt 0.504629 0.127036
vt 0.510568 0.129020
vt 0.506288 0.126218
vt 0.502742 0.120998
vt 0.502540 0.082253
vt 0.519885 0.724731
vt 0.516296 0.724147
vt 0.515953 0.696292
vt 0.520405 0.695457
vt 0.520705 0.694774
vt 0.489349 0.695470
vt 0.478994 0.703035
vt 0.478044 0.528070
vt 0.481834 0.529084
vt 0.477775 0.649951
vt 0.481277 0.658142
vt 0.489520 0.663654
vt 0.500076 0.665210
vt 0.510625 0.663470
vt 0.518282 0.657794
vt 0.521195 0.650361
vt 0.519718 0.642959
vt 0.513559 0.636444
vt 0.501639 0.633007
vt 0.498142 0.604394
vt 0.510612 0.602601
vt 0.518269 0.596926
vt 0.521182 0.589493
vt 0.519705 0.582091
vt 0.513546 0.575575
vt 0.501626 0.572138
vt 0.515662 0.537614
vt 0.519564 0.530661
vt 0.518885 0.521763
vt 0.512504 0.514969
vt 0.502187 0.511475
vt 0.500037 0.482605
vt 0.510586 0.480864
vt 0.518243 0.475189
vt 0.521156 0.467756
vt 0.519679 0.460354
vt 0.513520 0.453838
vt 0.501601 0.450402
vt 0.488364 0.452080
vt 0.479949 0.457907
vt 0.478592 0.410955
vt 0.486998 0.419118
vt 0.498104 0.421789
vt 0.510573 0.419996
vt 0.518230 0.414320
vt 0.521143 0.406887
vt 0.519666 0.399486
vt 0.513507 0.392970
vt 0.760563 0.933600
vt 0.637275 0.933600
vt 0.599355 0.736695
vt 0.798165 0.736573
vt 0.482558 0.512728
vt 0.483375 0.520832
vt 0.484930 0.517556
vt 0.491878 0.513936
vt 0.502859 0.514074
vt 0.508600 0.516903
vt 0.512244 0.523714
vt 0.509929 0.534203
vt 0.502442 0.539844
vt 0.489847 0.540837
vt 0.489755 0.529058
vt 0.494522 0.527957
vt 0.493967 0.082130
vt 0.491770 0.147632
vt 0.495427 0.148357
vt 0.495153 0.176240
vt 0.477088 0.236805
vt 0.480242 0.331150
vt 0.481762 0.327862
vt 0.495407 0.326693
vt 0.494522 0.358714
vt 0.486027 0.392179
vt 0.478890 0.398809
vt 0.477736 0.467345
vt 0.481239 0.475537
vt 0.489481 0.481048
vt 0.561310 0.934470
vt 0.438024 0.934470
vt 0.799141 0.123220
vt 0.799141 0.000000
vt 0.922326 0.000170
vt 0.922326 0.123389
vt 0.161423 0.935805
vt 0.038134 0.935805
vt -0.000000 0.741793
vt 0.199787 0.741793
vt 0.360927 0.934880
vt 0.237639 0.934880
vt 0.199787 0.743188
vt 0.399573 0.743188
vt 0.286774 -0.000000
vt 0.312475 -0.000000
vt 0.349796 0.065446
vt 0.249673 0.065446
vt 0.077998 0.711022
vt 0.083195 0.719345
vt 0.092082 0.723834
vt 0.120520 0.723761
vt 0.734983 0.294467
vt 0.728480 0.290970
vt 0.725697 0.285322
vt 0.726924 0.275103
vt 0.735511 0.268849
vt 0.748285 0.268021
vt 0.748285 0.293499
vt 0.731018 0.593657
vt 0.741380 0.592712
vt 0.748283 0.596099
vt 0.752444 0.602703
vt 0.752300 0.614038
vt 0.745572 0.619780
vt 0.735033 0.619780
vt 0.728300 0.614784
vt 0.725580 0.607784
vt 0.726308 0.599751
vt 0.731336 0.764049
vt 0.741698 0.763103
vt 0.748601 0.766490
vt 0.752762 0.773094
vt 0.752617 0.784429
vt 0.745889 0.790171
vt 0.735350 0.790171
vt 0.728618 0.785175
vt 0.725897 0.778176
vt 0.726625 0.770142
vt 0.731049 0.507726
vt 0.741411 0.506781
vt 0.748314 0.510167
vt 0.752475 0.516771
vt 0.752331 0.528107
vt 0.745603 0.533849
vt 0.735064 0.533849
vt 0.728331 0.528852
vt 0.725611 0.521853
vt 0.726339 0.513820
vt 0.731135 0.241898
vt 0.741497 0.240953
vt 0.748400 0.244340
vt 0.752561 0.250943
vt 0.752417 0.262279
vt 0.745689 0.268021
vt 0.735150 0.268021
vt 0.728417 0.263025
vt 0.725697 0.256025
vt 0.726425 0.247992
vt 0.118445 0.321930
vt 0.113509 0.236614
vt 0.126590 0.236617
vt 0.119733 0.329241
vt 0.078158 0.466452
vt 0.082878 0.475381
vt 0.095267 0.481339
vt 0.111795 0.479192
vt 0.119098 0.473322
vt 0.121689 0.465855
vt 0.120338 0.526526
vt 0.118958 0.519876
vt 0.113540 0.513958
vt 0.103612 0.510258
vt 0.083067 0.511358
vt 0.083944 0.519470
vt 0.085471 0.516163
vt 0.091564 0.512829
vt 0.104676 0.512974
vt 0.111377 0.518149
vt 0.112316 0.528659
vt 0.107260 0.536069
vt 0.099858 0.539342
vt 0.090109 0.539226
vt 0.090276 0.527693
vt 0.094999 0.526621
vt 0.078505 0.526681
vt 0.082248 0.527674
vt 0.082966 0.540142
vt 0.097718 0.542230
vt 0.092180 0.571564
vt 0.083188 0.575573
vt 0.078635 0.582501
vt 0.078865 0.590500
vt 0.078152 0.649142
vt 0.082872 0.658071
vt 0.080032 0.701215
vt 0.107982 0.175691
vt 0.115864 0.205089
vt 0.100178 0.229324
vt 0.084704 0.205104
vt 0.090531 0.175739
vt 0.104051 0.174715
vt 0.103990 0.146744
vt 0.108112 0.145683
vt 0.091890 0.145708
vt 0.095936 0.146768
vt 0.095799 0.174663
vt 0.077757 0.235232
vt 0.072460 0.236580
vt 0.086350 0.236324
vt 0.085385 0.235650
vt 0.088405 0.216446
vt 0.101819 0.237214
vt 0.115115 0.216917
vt 0.117801 0.235449
vt 0.080185 0.322342
vt 0.080739 0.329719
vt 0.082486 0.326278
vt 0.095939 0.325252
vt 0.095110 0.357247
vt 0.089255 0.358401
vt 0.108550 0.358393
vt 0.104101 0.357246
vt 0.103343 0.325252
vt 0.116881 0.325919
vt 0.121692 0.404958
vt 0.119902 0.397554
vt 0.113382 0.391184
vt 0.100768 0.388058
vt 0.087176 0.390471
vt 0.080338 0.396012
vt 0.078160 0.405555
vt 0.049855 0.064025
vt 0.089966 0.079387
vt 0.094655 0.080655
vt 0.095728 0.115976
vt 0.101654 0.123435
vt 0.111153 0.127483
vt 0.103133 0.118892
vt 0.103243 0.080584
vt 0.108619 0.079379
vt 0.149978 0.064025
vt 0.116627 0.722764
vt 0.116437 0.694949
vt 0.121358 0.693763
vt 0.094547 0.693576
vt 0.085336 0.696372
vt 0.095260 0.664029
vt 0.111789 0.661882
vt 0.119091 0.656011
vt 0.121683 0.648545
vt 0.119894 0.641141
vt 0.113374 0.634771
vt 0.100596 0.631635
vt 0.087168 0.634058
vt 0.080330 0.639598
vt 0.082874 0.597174
vt 0.095262 0.603132
vt 0.111791 0.600985
vt 0.119094 0.595115
vt 0.121685 0.587648
vt 0.119896 0.580244
vt 0.113376 0.573874
vt 0.103727 0.571119
vt 0.110943 0.539472
vt 0.118132 0.534021
vt 0.119900 0.458451
vt 0.113380 0.452081
vt 0.100602 0.448945
vt 0.087174 0.451368
vt 0.080336 0.456909
vt 0.082880 0.414484
vt 0.095269 0.420442
vt 0.111797 0.418295
vt 0.119100 0.412425
vt 0.122904 0.235706
vt 0.106413 0.124268
vt 0.730102 0.099052
vt 0.735197 0.092999
vt 0.741832 0.090629
vt 0.750218 0.091805
vt 0.756235 0.096651
vt 0.756235 0.108920
vt 0.751269 0.115180
vt 0.744890 0.117871
vt 0.737288 0.117312
vt 0.730690 0.113388
vt 0.745633 0.090629
vt 0.738020 0.090352
vt 0.731277 0.086673
vt 0.730102 0.072731
vt 0.734905 0.066207
vt 0.741553 0.063522
vt 0.749982 0.064378
vt 0.756399 0.069248
vt 0.756399 0.081680
vt 0.751908 0.087704
vt 0.745634 0.036412
vt 0.738020 0.036134
vt 0.731277 0.032456
vt 0.730102 0.018514
vt 0.734905 0.011990
vt 0.741573 0.009301
vt 0.749994 0.010166
vt 0.756399 0.015031
vt 0.756399 0.027462
vt 0.751908 0.033487
vt 0.745633 0.063522
vt 0.738018 0.063245
vt 0.731278 0.059567
vt 0.730102 0.045624
vt 0.734905 0.039100
vt 0.741571 0.036412
vt 0.749993 0.037276
vt 0.756399 0.042141
vt 0.756399 0.054573
vt 0.751908 0.060597
vt 0.271050 0.887207
vt 0.282343 0.884111
vt 0.287281 0.884501
vt 0.287281 0.910112
vt 0.274976 0.911032
vt 0.266827 0.907229
vt 0.265658 0.892365
vt 0.278817 0.714898
vt 0.285127 0.722419
vt 0.296531 0.725844
vt 0.312677 0.725467
vt 0.315307 0.725480
vt 0.319499 0.725594
vt 0.320155 0.724860
vt 0.325095 0.237570
vt 0.325000 0.237568
vt 0.324987 0.237565
vt 0.325198 0.237572
vt 0.325106 0.237571
vt 0.325210 0.237554
vt 0.325390 0.237710
vt 0.325299 0.237710
vt 0.325415 0.237573
vt 0.301557 0.238507
vt 0.318161 0.323302
vt 0.280019 0.323632
vt 0.272562 0.238320
vt 0.286012 0.237707
vt 0.288173 0.217819
vt 0.304371 0.126582
vt 0.310937 0.128865
vt 0.307685 0.146793
vt 0.291856 0.146759
vt 0.296259 0.119347
vt 0.283198 0.541944
vt 0.281558 0.577906
vt 0.277840 0.587381
vt 0.280849 0.596451
vt 0.277939 0.648969
vt 0.280842 0.657343
vt 0.288046 0.662979
vt 0.292904 0.695039
vt 0.283303 0.698825
vt 0.278364 0.705467
vt 0.278594 0.528353
vt 0.282015 0.529075
vt 0.293659 0.527603
vt 0.293512 0.527602
vt 0.293685 0.527585
vt 0.304364 0.482636
vt 0.305159 0.511722
vt 0.282835 0.512711
vt 0.289299 0.480917
vt 0.308027 0.360145
vt 0.304803 0.389757
vt 0.291446 0.390396
vt 0.288998 0.359718
vt 0.289757 0.540384
vt 0.290130 0.529018
vt 0.294732 0.528118
vt 0.286205 0.527613
vt 0.278518 0.527614
vt 0.289728 0.080875
vt 0.294314 0.081984
vt 0.292097 0.147471
vt 0.295643 0.148081
vt 0.295434 0.176109
vt 0.290301 0.177004
vt 0.299257 0.177424
vt 0.307595 0.177393
vt 0.307146 0.176661
vt 0.304044 0.176279
vt 0.303762 0.148170
vt 0.307490 0.147470
vt 0.303863 0.122904
vt 0.303085 0.081937
vt 0.308104 0.081181
vt 0.308113 0.080437
vt 0.316517 0.724192
vt 0.316054 0.696569
vt 0.320522 0.695460
vt 0.320802 0.694804
vt 0.298812 0.665380
vt 0.313229 0.662567
vt 0.320126 0.654869
vt 0.321188 0.645960
vt 0.315073 0.637479
vt 0.304300 0.633205
vt 0.290899 0.634132
vt 0.281361 0.638944
vt 0.288054 0.602087
vt 0.298821 0.604488
vt 0.313236 0.601675
vt 0.320133 0.593977
vt 0.321099 0.584091
vt 0.311282 0.574068
vt 0.293335 0.572540
vt 0.300179 0.543344
vt 0.313594 0.539526
vt 0.319917 0.530496
vt 0.317558 0.518934
vt 0.315139 0.478397
vt 0.320149 0.472192
vt 0.321210 0.463284
vt 0.315096 0.454803
vt 0.304841 0.450661
vt 0.291153 0.451381
vt 0.281384 0.456267
vt 0.288077 0.419410
vt 0.298843 0.421811
vt 0.313259 0.418998
vt 0.320156 0.411300
vt 0.321218 0.402391
vt 0.315104 0.393910
vt 0.307931 0.359380
vt 0.304132 0.358854
vt 0.303104 0.326632
vt 0.316860 0.327404
vt 0.319561 0.330535
vt 0.314924 0.218298
vt 0.317406 0.236946
vt 0.313284 0.237914
vt 0.325773 0.238431
vt 0.326317 0.237850
vt 0.325208 0.237710
vt 0.323509 0.237528
vt 0.322305 0.236367
vt 0.315602 0.206531
vt 0.299947 0.230711
vt 0.284523 0.206527
vt 0.277413 0.236690
vt 0.273345 0.237593
vt 0.272407 0.237732
vt 0.280553 0.331036
vt 0.282330 0.327631
vt 0.295700 0.326632
vt 0.294676 0.358687
vt 0.281392 0.395374
vt 0.277973 0.405336
vt 0.280872 0.413774
vt 0.277966 0.466228
vt 0.280865 0.474666
vt 0.283747 0.520784
vt 0.285616 0.516943
vt 0.292834 0.513981
vt 0.305714 0.514580
vt 0.311868 0.521757
vt 0.311719 0.530621
vt 0.307772 0.536675
vt 0.301071 0.540405
vt 0.293671 0.541204
vt 0.719517 0.719143
vt 0.680113 0.711940
vt 0.691758 0.718959
vt 0.712805 0.719050
vt 0.222595 0.891577
vt 0.230969 0.885446
vt 0.240892 0.884111
vt 0.244190 0.884491
vt 0.244190 0.909492
vt 0.235576 0.911438
vt 0.225757 0.908493
vt 0.222109 0.903826
vt 0.769815 0.815136
vt 0.764839 0.821065
vt 0.756507 0.824050
vt 0.748834 0.822474
vt 0.744189 0.816576
vt 0.744189 0.804825
vt 0.751369 0.797240
vt 0.764467 0.796778
vt 0.770249 0.803732
vt 0.529597 0.890878
vt 0.536786 0.883288
vt 0.549875 0.882831
vt 0.555656 0.889785
vt 0.555223 0.901189
vt 0.550246 0.907118
vt 0.541915 0.910103
vt 0.534242 0.908528
vt 0.529597 0.902630
vt 0.767539 0.896896
vt 0.762561 0.902825
vt 0.754231 0.905810
vt 0.746557 0.904235
vt 0.741912 0.898337
vt 0.741912 0.886585
vt 0.748219 0.879554
vt 0.757831 0.877728
vt 0.763891 0.879756
vt 0.767972 0.885493
vt 0.581283 0.901189
vt 0.576306 0.907118
vt 0.567975 0.910103
vt 0.560301 0.908528
vt 0.555656 0.902630
vt 0.555656 0.890878
vt 0.562837 0.883293
vt 0.575934 0.882831
vt 0.581716 0.889786
vt 0.719592 0.689220
vt 0.719755 0.689219
vt 0.719586 0.689281
vt 0.678146 0.577629
vt 0.678277 0.522710
vt 0.681538 0.523344
vt 0.682458 0.535865
vt 0.682700 0.571024
vt 0.678366 0.646957
vt 0.683693 0.654531
vt 0.694198 0.658776
vt 0.693533 0.688730
vt 0.682258 0.692719
vt 0.677542 0.701589
vt 0.678341 0.586297
vt 0.682887 0.593100
vt 0.691258 0.597483
vt 0.704728 0.598189
vt 0.703653 0.627168
vt 0.685255 0.629622
vt 0.678170 0.638290
vt 0.689823 0.173004
vt 0.698736 0.173048
vt 0.706791 0.173162
vt 0.706912 0.172410
vt 0.715004 0.202064
vt 0.699377 0.226166
vt 0.683943 0.202072
vt 0.724322 0.232994
vt 0.724309 0.232995
vt 0.724204 0.232990
vt 0.724736 0.232959
vt 0.722200 0.232575
vt 0.703422 0.171887
vt 0.703145 0.143909
vt 0.707308 0.142929
vt 0.691243 0.142583
vt 0.691504 0.143290
vt 0.695064 0.143902
vt 0.694860 0.171776
vt 0.690503 0.172308
vt 0.676709 0.232215
vt 0.671710 0.233259
vt 0.648951 0.061529
vt 0.689364 0.076505
vt 0.689433 0.077229
vt 0.693633 0.077956
vt 0.695483 0.114776
vt 0.703048 0.122016
vt 0.710324 0.124768
vt 0.703112 0.118434
vt 0.702532 0.077821
vt 0.707799 0.076858
vt 0.749073 0.061529
vt 0.719739 0.718422
vt 0.716288 0.717919
vt 0.715552 0.690777
vt 0.717944 0.688877
vt 0.720642 0.689043
vt 0.720321 0.688449
vt 0.706202 0.658505
vt 0.714233 0.655269
vt 0.719662 0.649061
vt 0.720784 0.639321
vt 0.714166 0.631005
vt 0.714209 0.594608
vt 0.719639 0.588400
vt 0.720760 0.578660
vt 0.714142 0.570345
vt 0.703522 0.566483
vt 0.690120 0.567474
vt 0.699514 0.537892
vt 0.713950 0.533183
vt 0.719501 0.524813
vt 0.717502 0.514048
vt 0.709192 0.507711
vt 0.697843 0.505775
vt 0.682383 0.507110
vt 0.683235 0.515117
vt 0.685464 0.511066
vt 0.694787 0.508007
vt 0.703301 0.508643
vt 0.709537 0.512286
vt 0.712037 0.522994
vt 0.705484 0.532660
vt 0.693715 0.535528
vt 0.689505 0.534842
vt 0.689601 0.523445
vt 0.694008 0.522668
vt 0.694032 0.521944
vt 0.685179 0.522002
vt 0.678090 0.521952
vt 0.678271 0.464892
vt 0.683622 0.472549
vt 0.694127 0.476794
vt 0.706132 0.476522
vt 0.714161 0.473286
vt 0.719591 0.467078
vt 0.720712 0.457339
vt 0.714094 0.449023
vt 0.703584 0.445186
vt 0.704657 0.416207
vt 0.714137 0.412625
vt 0.719567 0.406417
vt 0.720688 0.396678
vt 0.714070 0.388362
vt 0.703559 0.384525
vt 0.698848 0.355025
vt 0.707801 0.354779
vt 0.703699 0.353876
vt 0.702583 0.321722
vt 0.715976 0.322348
vt 0.718917 0.325660
vt 0.717658 0.318423
vt 0.712703 0.233323
vt 0.725770 0.233587
vt 0.678074 0.395647
vt 0.678248 0.404231
vt 0.682815 0.411118
vt 0.691187 0.415501
vt 0.687005 0.446986
vt 0.678440 0.454603
vt 0.685451 0.233156
vt 0.687596 0.213322
vt 0.700990 0.233932
vt 0.714347 0.213800
vt 0.716830 0.232409
vt 0.679451 0.318776
vt 0.680039 0.326118
vt 0.681612 0.322851
vt 0.695180 0.321722
vt 0.694117 0.353737
vt 0.688485 0.354698
vt 0.685159 0.386980
vt 0.764588 0.204663
vt 0.790281 0.204680
vt 0.790281 0.230372
vt 0.764588 0.230355
vt 0.087121 -0.000000
vt 0.112822 -0.000000
vt 0.486674 -0.000000
vt 0.512374 -0.000000
vt 0.686014 -0.000000
vt 0.711715 -0.000000
vt 0.850143 0.661210
vt 0.857065 0.657257
vt 0.859840 0.649807
vt 0.858201 0.641162
vt 0.852988 0.635294
vt 0.841709 0.633151
vt 0.834521 0.637539
vt 0.835955 0.630698
vt 0.842641 0.626281
vt 0.851533 0.626107
vt 0.859345 0.632996
vt 0.862462 0.644098
vt 0.858126 0.661428
vt 0.847774 0.668514
vt 0.838446 0.667427
vt 0.830902 0.658873
vt 0.832319 0.649577
vt 0.838028 0.658498
vt 0.837859 0.446819
vt 0.840348 0.452281
vt 0.843702 0.454141
vt 0.835546 0.454478
vt 0.838076 0.434013
vt 0.830953 0.595754
vt 0.830953 0.608322
vt 0.826712 0.618955
vt 0.817431 0.626107
vt 0.805438 0.624069
vt 0.799897 0.616054
vt 0.799141 0.601664
vt 0.804611 0.588975
vt 0.811943 0.583811
vt 0.819486 0.583411
vt 0.816112 0.590719
vt 0.808941 0.591076
vt 0.802892 0.596320
vt 0.801601 0.606882
vt 0.804670 0.613712
vt 0.811002 0.617977
vt 0.822292 0.618149
vt 0.828647 0.610070
vt 0.827639 0.599123
vt 0.822809 0.593256
vt 0.826431 0.587361
vt 0.801984 0.705643
vt 0.801737 0.692318
vt 0.804807 0.699148
vt 0.809486 0.711324
vt 0.861979 0.261914
vt 0.852575 0.273792
vt 0.841419 0.274416
vt 0.834713 0.269549
vt 0.831185 0.260593
vt 0.831133 0.249242
vt 0.834424 0.239310
vt 0.833974 0.246418
vt 0.833122 0.254444
vt 0.835733 0.261484
vt 0.842387 0.266580
vt 0.852917 0.266742
vt 0.859733 0.261108
vt 0.860055 0.249769
vt 0.841090 0.233094
vt 0.848564 0.231651
vt 0.855898 0.234584
vt 0.861979 0.243331
vt 0.855996 0.243102
vt 0.849149 0.239612
vt 0.838782 0.240397
vt 0.995398 0.000050
vt 0.996588 0.000000
vt 0.996048 0.027226
vt 0.858854 0.682354
vt 0.862899 0.673916
vt 0.860684 0.685043
vt 0.861129 0.698298
vt 0.886619 0.699111
vt 0.887551 0.706607
vt 0.859783 0.707067
vt 0.858854 0.710885
vt 0.835693 0.546784
vt 0.842846 0.541135
vt 0.850414 0.540310
vt 0.850345 0.548292
vt 0.839948 0.548225
vt 0.834663 0.553831
vt 0.833155 0.561758
vt 0.835182 0.568991
vt 0.841395 0.574615
vt 0.851876 0.575639
vt 0.859131 0.570583
vt 0.862368 0.568516
vt 0.854876 0.580022
vt 0.847746 0.583141
vt 0.839788 0.582345
vt 0.833503 0.576945
vt 0.830721 0.567731
vt 0.831600 0.556412
vt 0.899929 0.330295
vt 0.895541 0.328999
vt 0.913869 0.330402
vt 0.908879 0.330850
vt 0.906907 0.371157
vt 0.913898 0.378184
vt 0.906808 0.375039
vt 0.899423 0.366904
vt 0.830902 0.640286
vt 0.858394 0.789347
vt 0.851155 0.795488
vt 0.853974 0.788540
vt 0.860330 0.780461
vt 0.859321 0.769515
vt 0.854491 0.763648
vt 0.847795 0.761110
vt 0.840623 0.761468
vt 0.834574 0.766712
vt 0.833283 0.777273
vt 0.836352 0.784103
vt 0.841031 0.796279
vt 0.833529 0.790598
vt 0.830727 0.782163
vt 0.831515 0.769599
vt 0.836293 0.759367
vt 0.843625 0.754203
vt 0.851168 0.753802
vt 0.858113 0.757753
vt 0.862635 0.766145
vt 0.862635 0.778713
vt 0.971537 0.909220
vt 0.962937 0.909326
vt 0.979683 0.909180
vt 0.978106 0.787488
vt 0.815414 0.877611
vt 0.814128 0.881341
vt 0.815144 0.864880
vt 0.815967 0.869738
vt 0.827357 0.870599
vt 0.828250 0.861534
vt 0.825203 0.852832
vt 0.816845 0.847310
vt 0.806249 0.848763
vt 0.801896 0.855469
vt 0.800935 0.864977
vt 0.803182 0.872713
vt 0.807283 0.875389
vt 0.799141 0.875790
vt 0.799141 0.856824
vt 0.803424 0.845798
vt 0.810471 0.840345
vt 0.817272 0.839641
vt 0.824576 0.842725
vt 0.830099 0.852751
vt 0.830210 0.870404
vt 0.827657 0.877860
vt 0.835918 0.375856
vt 0.837796 0.359510
vt 0.839292 0.372066
vt 0.843967 0.375410
vt 0.851050 0.831867
vt 0.857755 0.827556
vt 0.859033 0.831665
vt 0.849043 0.839326
vt 0.839697 0.838689
vt 0.833802 0.833784
vt 0.830737 0.825910
vt 0.830737 0.811981
vt 0.835279 0.802142
vt 0.841724 0.797380
vt 0.850594 0.796739
vt 0.858757 0.803207
vt 0.862454 0.814134
vt 0.860134 0.819966
vt 0.858045 0.811424
vt 0.852530 0.805836
vt 0.841154 0.804289
vt 0.833677 0.809787
vt 0.833057 0.822240
vt 0.838810 0.829794
vt 0.895318 0.446677
vt 0.913679 0.448022
vt 0.895298 0.447410
vt 0.925315 0.653604
vt 0.936290 0.653550
vt 0.853037 0.212610
vt 0.859853 0.206976
vt 0.860175 0.195638
vt 0.856116 0.188971
vt 0.849270 0.185481
vt 0.838902 0.186266
vt 0.834095 0.192287
vt 0.834544 0.185178
vt 0.841210 0.178963
vt 0.848684 0.177520
vt 0.856018 0.180453
vt 0.862099 0.189200
vt 0.862099 0.207783
vt 0.852695 0.219661
vt 0.841539 0.220285
vt 0.834833 0.215418
vt 0.831305 0.206463
vt 0.831253 0.195111
vt 0.833241 0.200310
vt 0.835853 0.207352
vt 0.842507 0.212449
vt 0.842685 0.788368
vt 0.803029 0.724234
vt 0.801737 0.734796
vt 0.799936 0.727216
vt 0.804747 0.716889
vt 0.812079 0.711725
vt 0.819622 0.711325
vt 0.826567 0.715275
vt 0.831090 0.723668
vt 0.831090 0.736236
vt 0.826848 0.746869
vt 0.828784 0.737984
vt 0.827776 0.727037
vt 0.822945 0.721170
vt 0.816249 0.718632
vt 0.809078 0.718990
vt 0.819609 0.753011
vt 0.809486 0.753802
vt 0.801984 0.748120
vt 0.799141 0.739493
vt 0.652238 0.741626
vt 0.811139 0.745891
vt 0.822429 0.746063
vt 0.831007 0.299263
vt 0.837716 0.288755
vt 0.847477 0.285566
vt 0.856705 0.290661
vt 0.859189 0.307476
vt 0.856387 0.299510
vt 0.851642 0.294696
vt 0.841051 0.293957
vt 0.836012 0.296501
vt 0.832914 0.303099
vt 0.833549 0.315998
vt 0.859519 0.315710
vt 0.860535 0.324110
vt 0.832546 0.324796
vt 0.831818 0.328615
vt 0.811789 0.796738
vt 0.821653 0.798023
vt 0.829247 0.806299
vt 0.830737 0.820940
vt 0.827448 0.831229
vt 0.821011 0.837903
vt 0.810328 0.839641
vt 0.805573 0.828643
vt 0.812522 0.831758
vt 0.821692 0.831092
vt 0.827239 0.826645
vt 0.828128 0.815391
vt 0.824609 0.808728
vt 0.817468 0.804531
vt 0.805934 0.805475
vt 0.801640 0.555969
vt 0.802639 0.567216
vt 0.807218 0.573198
vt 0.814848 0.576117
vt 0.826031 0.573034
vt 0.829178 0.567086
vt 0.828463 0.557669
vt 0.824968 0.544505
vt 0.830721 0.554908
vt 0.830721 0.571623
vt 0.826279 0.579452
vt 0.819785 0.583411
vt 0.811916 0.583261
vt 0.803050 0.576367
vt 0.799141 0.562180
vt 0.800669 0.551485
vt 0.805904 0.543832
vt 0.816188 0.540310
vt 0.817202 0.548447
vt 0.806368 0.550661
vt 0.823976 0.551506
vt 0.991428 0.121964
vt 0.977534 0.121998
vt 0.977534 0.094208
vt 0.991429 0.094171
vt 0.988565 0.040634
vt 0.995762 0.027841
vt 0.989941 0.050585
vt 0.992142 0.058067
vt 0.995762 0.060459
vt 0.987629 0.060450
vt 0.908822 0.871652
vt 0.895361 0.875579
vt 0.898680 0.863657
vt 0.898210 0.867972
vt 0.820391 0.661074
vt 0.826237 0.657032
vt 0.826844 0.660658
vt 0.819231 0.667820
vt 0.808481 0.668847
vt 0.799141 0.659891
vt 0.799141 0.641207
vt 0.804286 0.631405
vt 0.812939 0.626107
vt 0.822688 0.628085
vt 0.828442 0.634526
vt 0.827919 0.645866
vt 0.824881 0.638972
vt 0.818154 0.634336
vt 0.806561 0.634694
vt 0.802100 0.639729
vt 0.800567 0.649029
vt 0.803479 0.656099
vt 0.809340 0.660669
vt 0.830902 0.646112
vt 0.828159 0.772575
vt 0.830727 0.778142
vt 0.810553 0.788523
vt 0.821607 0.788228
vt 0.810212 0.796739
vt 0.802219 0.791054
vt 0.799141 0.783341
vt 0.799141 0.769753
vt 0.803658 0.759637
vt 0.811959 0.753802
vt 0.821814 0.755160
vt 0.829346 0.763492
vt 0.824690 0.765887
vt 0.817684 0.761685
vt 0.806136 0.762775
vt 0.802001 0.768086
vt 0.801061 0.777463
vt 0.804414 0.784333
vt 0.806575 0.378686
vt 0.799141 0.379131
vt 0.799141 0.341042
vt 0.806375 0.339670
vt 0.803117 0.342560
vt 0.802335 0.356100
vt 0.834467 0.355467
vt 0.835192 0.351315
vt 0.834954 0.369853
vt 0.834349 0.364725
vt 0.802278 0.363503
vt 0.803188 0.376809
vt 0.835918 0.351654
vt 0.835630 0.370371
vt 0.368538 0.965779
vt 0.368528 0.993224
vt 0.357146 0.993240
vt 0.357040 0.965779
vt 0.963957 0.878535
vt 0.979683 0.878532
vt 0.913898 0.329664
vt 0.860734 0.852893
vt 0.861129 0.882218
vt 0.860636 0.881043
vt 0.859715 0.877247
vt 0.859062 0.869479
vt 0.857362 0.844731
vt 0.830737 0.853707
vt 0.831092 0.881550
vt 0.830737 0.874535
vt 0.856882 0.552332
vt 0.857483 0.543834
vt 0.862368 0.551827
vt 0.860381 0.559309
vt 0.997030 0.474533
vt 0.991903 0.474508
vt 0.991781 0.446677
vt 0.997030 0.446704
vt 0.804278 0.503953
vt 0.811431 0.498304
vt 0.818999 0.497479
vt 0.826068 0.501004
vt 0.825467 0.509501
vt 0.818930 0.505462
vt 0.808533 0.505394
vt 0.803248 0.511001
vt 0.830953 0.525685
vt 0.823461 0.537191
vt 0.816330 0.540310
vt 0.807327 0.539173
vt 0.801035 0.532109
vt 0.799141 0.518083
vt 0.801740 0.518927
vt 0.803766 0.526159
vt 0.809979 0.531784
vt 0.820461 0.532808
vt 0.827716 0.527752
vt 0.828966 0.516478
vt 0.830953 0.508997
vt 0.800701 0.190448
vt 0.800019 0.191413
vt 0.799767 0.177520
vt 0.801127 0.182827
vt 0.831253 0.189772
vt 0.807024 0.205239
vt 0.831253 0.220979
vt 0.800649 0.227959
vt 0.800201 0.230564
vt 0.799822 0.218576
vt 0.800899 0.222863
vt 0.819418 0.220210
vt 0.799141 0.206864
vt 0.819901 0.193465
vt 0.851759 0.456362
vt 0.850497 0.460013
vt 0.851600 0.443573
vt 0.852353 0.448383
vt 0.863997 0.449180
vt 0.864165 0.456517
vt 0.913762 0.379623
vt 0.895299 0.378829
vt 0.895537 0.378184
vt 0.913762 0.427631
vt 0.904519 0.423106
vt 0.898848 0.415031
vt 0.899588 0.379810
vt 0.908216 0.380564
vt 0.906210 0.418621
vt 0.909306 0.424290
vt 0.831921 0.124512
vt 0.831840 0.154383
vt 0.831267 0.123389
vt 0.830953 0.616177
vt 0.830953 0.597590
vt 0.833994 0.595568
vt 0.836007 0.588001
vt 0.842692 0.583585
vt 0.851584 0.583411
vt 0.859396 0.590300
vt 0.862291 0.599822
vt 0.860565 0.613222
vt 0.855536 0.621438
vt 0.847824 0.625818
vt 0.838497 0.624731
vt 0.832741 0.607987
vt 0.838079 0.615801
vt 0.850194 0.618514
vt 0.857116 0.614562
vt 0.859891 0.607109
vt 0.858253 0.598468
vt 0.853039 0.592597
vt 0.841760 0.590454
vt 0.830952 0.530245
vt 0.830952 0.511660
vt 0.836007 0.502070
vt 0.842693 0.497653
vt 0.851585 0.497479
vt 0.859397 0.504369
vt 0.862291 0.513892
vt 0.860565 0.527291
vt 0.855535 0.535507
vt 0.847797 0.539927
vt 0.838496 0.538799
vt 0.850193 0.532583
vt 0.857116 0.528630
vt 0.859891 0.521180
vt 0.858253 0.512535
vt 0.853040 0.506666
vt 0.841761 0.504523
vt 0.834004 0.509621
vt 0.832731 0.522024
vt 0.838079 0.529869
vt 0.941355 0.489625
vt 0.941451 0.477286
vt 0.950850 0.477606
vt 0.950756 0.490519
vt 0.835321 0.844194
vt 0.842584 0.839327
vt 0.851745 0.840034
vt 0.858858 0.859525
vt 0.855769 0.851826
vt 0.850865 0.847567
vt 0.842079 0.846670
vt 0.835373 0.850198
vt 0.832191 0.859783
vt 0.833649 0.869230
vt 0.833074 0.877282
vt 0.831785 0.878150
vt 0.835100 0.449368
vt 0.835412 0.430038
vt 0.835546 0.438919
vt 0.810393 0.323774
vt 0.830181 0.325965
vt 0.830341 0.339670
vt 0.829161 0.334512
vt 0.799141 0.327409
vt 0.823224 0.312001
vt 0.799141 0.296376
vt 0.829628 0.289241
vt 0.830085 0.286709
vt 0.830366 0.298677
vt 0.829403 0.294462
vt 0.810879 0.297029
vt 0.831007 0.310387
vt 0.830560 0.285566
vt 0.972008 0.869630
vt 0.963146 0.869814
vt 0.980139 0.869575
vt 0.826849 0.704392
vt 0.819609 0.710533
vt 0.811139 0.703413
vt 0.822429 0.703586
vt 0.828784 0.695506
vt 0.827776 0.684560
vt 0.822945 0.678693
vt 0.816249 0.676155
vt 0.809078 0.676513
vt 0.803029 0.681757
vt 0.799141 0.697015
vt 0.799936 0.684738
vt 0.804748 0.674412
vt 0.812080 0.669248
vt 0.819623 0.668847
vt 0.826567 0.672798
vt 0.831090 0.681190
vt 0.831090 0.693758
vt 0.908349 0.448794
vt 0.906678 0.489310
vt 0.913679 0.495971
vt 0.907238 0.493330
vt 0.899189 0.485247
vt 0.899413 0.448358
vt 0.833125 0.139179
vt 0.832707 0.128255
vt 0.860310 0.128161
vt 0.861032 0.124644
vt 0.861721 0.150272
vt 0.857996 0.160041
vt 0.852251 0.165247
vt 0.843299 0.166484
vt 0.836621 0.162927
vt 0.833994 0.148404
vt 0.839481 0.157211
vt 0.852430 0.158550
vt 0.858854 0.152365
vt 0.859088 0.136794
vt 0.833575 0.136006
vt 0.997298 0.285566
vt 0.997221 0.313476
vt 0.993336 0.313492
vt 0.993336 0.285582
vt 0.304940 0.965705
vt 0.312308 0.965695
vt 0.312327 0.993428
vt 0.304936 0.993428
vt 0.862733 0.787312
vt 0.890024 0.786665
vt 0.890222 0.793396
vt 0.862945 0.793687
vt 0.862454 0.819236
vt 0.708726 0.992235
vt 0.708692 0.964930
vt 0.716374 0.965086
vt 0.716412 0.992382
vt 0.894763 0.409030
vt 0.867524 0.409541
vt 0.894752 0.396639
vt 0.175355 0.967000
vt 0.895299 0.378184
vt 0.862165 0.211918
vt 0.889539 0.211349
vt 0.889718 0.218081
vt 0.862360 0.218294
vt 0.862291 0.606006
vt 0.732534 0.992235
vt 0.732499 0.964849
vt 0.740181 0.965004
vt 0.740219 0.992381
vt 0.928304 0.654009
vt 0.938324 0.654345
vt 0.938331 0.667457
vt 0.928304 0.667078
vt 0.155611 0.967080
vt 0.890246 0.497479
vt 0.889612 0.529661
vt 0.862292 0.530172
vt 0.889601 0.517270
vt 0.165346 0.980121
vt 0.165256 0.989763
vt 0.155611 0.989592
vt 0.155687 0.978956
vt 0.962838 0.696878
vt 0.917549 0.157192
vt 0.890156 0.157192
vt 0.890393 0.143960
vt 0.917756 0.136746
vt 0.861067 0.983610
vt 0.861067 0.974341
vt 0.870650 0.981168
vt 0.984133 0.094043
vt 0.984021 0.066577
vt 0.991694 0.066712
vt 0.991841 0.094171
vt 0.422435 0.978939
vt 0.412795 0.980259
vt 0.412653 0.965552
vt 0.422295 0.965428
vt 0.970267 0.436645
vt 0.980848 0.409734
vt 0.981255 0.437349
vt 0.222818 0.965822
vt 0.970142 0.357173
vt 0.980723 0.330180
vt 0.981130 0.357875
vt 0.749108 0.937315
vt 0.745792 0.964719
vt 0.564168 0.965493
vt 0.913966 0.711645
vt 0.913965 0.749870
vt 0.886248 0.749939
vt 0.886248 0.711691
vt 0.725301 0.937315
vt 0.721985 0.964800
vt 0.992883 0.277200
vt 0.983477 0.279714
vt 0.983462 0.269108
vt 0.992883 0.268132
vt 0.723730 0.965772
vt 0.723790 0.993453
vt 0.716412 0.992482
vt 0.716412 0.964800
vt 0.992588 0.583411
vt 0.996904 0.583464
vt 0.997118 0.611472
vt 0.992588 0.611387
vt 0.902157 0.572164
vt 0.902872 0.581809
vt 0.902157 0.581850
vt 0.885924 0.274492
vt 0.885924 0.284659
vt 0.882210 0.284584
vt 0.882179 0.274416
vt 0.917053 0.289251
vt 0.917053 0.321415
vt 0.889655 0.317575
vt 0.889612 0.285566
vt 0.964090 0.497708
vt 0.971046 0.524828
vt 0.964090 0.524917
vt 0.199782 0.994475
vt 0.196297 0.967000
vt 0.199737 0.967004
vt 0.941355 0.450103
vt 0.941355 0.478155
vt 0.913715 0.474340
vt 0.913679 0.446677
vt 0.965435 0.205409
vt 0.965439 0.177533
vt 0.982872 0.177520
vt 0.982872 0.205390
vt 0.184953 0.967001
vt 0.175355 0.967678
vt 0.799141 0.943881
vt 0.991577 0.000140
vt 0.991577 0.027309
vt 0.138358 0.966854
vt 0.118614 0.966935
vt 0.917843 0.625914
vt 0.917804 0.621098
vt 0.927238 0.625491
vt 0.913802 0.408463
vt 0.913762 0.378216
vt 0.941650 0.378184
vt 0.941650 0.408550
vt 0.059975 0.967123
vt 0.059975 0.939293
vt 0.078505 0.941777
vt 0.078564 0.969591
vt 0.278997 0.966194
vt 0.278997 0.994233
vt 0.268873 0.993982
vt 0.268836 0.965851
vt 0.599355 0.964360
vt 0.615568 0.964379
vt 0.615568 0.992330
vt 0.599357 0.992310
vt 0.918434 0.568555
vt 0.928361 0.567982
vt 0.928358 0.581713
vt 0.918434 0.582078
vt 0.138288 0.989405
vt 0.128640 0.989600
vt 0.128650 0.983760
vt 0.138307 0.982826
vt 0.553891 0.966978
vt 0.563752 0.965764
vt 0.563394 0.984047
vt 0.553594 0.985377
vt 0.835918 0.356564
vt 0.840081 0.345839
vt 0.971170 0.781660
vt 0.971092 0.151326
vt 0.970123 0.979110
vt 0.970147 0.971744
vt 0.979627 0.977720
vt 0.862551 0.830249
vt 0.890084 0.829602
vt 0.890283 0.836332
vt 0.862764 0.836624
vt 0.756341 0.992128
vt 0.756306 0.964581
vt 0.763988 0.964735
vt 0.764026 0.992274
vt 0.895005 0.370516
vt 0.867524 0.371025
vt 0.894994 0.358124
vt 0.118614 0.967239
vt 0.895541 0.339670
vt 0.862388 0.616921
vt 0.890002 0.616274
vt 0.890200 0.623004
vt 0.862600 0.623296
vt 0.658707 0.992178
vt 0.658673 0.964550
vt 0.666355 0.964704
vt 0.666393 0.992323
vt 0.894763 0.488303
vt 0.867200 0.488812
vt 0.894752 0.475912
vt 0.098870 0.967319
vt 0.895298 0.457457
vt 0.916835 0.878727
vt 0.889182 0.897402
vt 0.889370 0.878532
vt 0.078564 0.997296
vt 0.075331 0.997755
vt 0.075192 0.970074
vt 0.078564 0.969591
vt 0.527582 0.966911
vt 0.527582 0.994089
vt 0.518183 0.993627
vt 0.518149 0.965955
vt 0.075054 0.969591
vt 0.075054 0.996791
vt 0.070045 0.996839
vt 0.070163 0.969631
vt 0.377874 0.993726
vt 0.369057 0.993733
vt 0.368538 0.965779
vt 0.378134 0.965779
vt 0.199787 0.968421
vt 0.209386 0.966093
vt 0.209378 0.973627
vt 0.199791 0.974536
vt 0.977697 0.027841
vt 0.977697 0.000028
vt 0.991577 0.000000
vt 0.991575 0.027814
vt 0.989576 0.842191
vt 0.939256 0.970895
vt 0.943144 0.970785
vt 0.943054 0.998680
vt 0.939256 0.998775
vt 0.890050 0.260971
vt 0.412653 0.993241
vt 0.399573 0.993256
vt 0.399575 0.965443
vt 0.412653 0.965428
vt 0.028482 0.966690
vt 0.037912 0.966770
vt 0.996943 0.711806
vt 0.996943 0.739607
vt 0.991718 0.739459
vt 0.991594 0.711645
vt 0.632051 0.991768
vt 0.632051 0.964360
vt 0.648519 0.964367
vt 0.648523 0.991787
vt 0.918391 0.572102
vt 0.890705 0.572165
vt 0.890705 0.540310
vt 0.918434 0.540323
vt 0.883936 0.329051
vt 0.887461 0.329215
vt 0.887541 0.339389
vt 0.883936 0.339220
vt 0.886248 0.753085
vt 0.859024 0.753277
vt 0.890222 0.753802
vt 0.862831 0.756082
vt 0.268836 0.965622
vt 0.245805 0.965702
vt 0.967447 0.045421
vt 0.977205 0.046330
vt 0.977604 0.053454
vt 0.961301 0.313135
vt 0.954475 0.314136
vt 0.954485 0.286643
vt 0.961794 0.285566
vt 0.902704 0.667882
vt 0.976602 0.818190
vt 0.976602 0.839075
vt 0.966560 0.838888
vt 0.966533 0.818000
vt 0.960394 0.942870
vt 0.979682 0.942854
vt 0.979682 0.970483
vt 0.960394 0.970500
vt 0.861067 0.943662
vt 0.889182 0.942963
vt 0.928298 0.654373
vt 0.928304 0.668069
vt 0.918284 0.667742
vt 0.918284 0.654009
vt 0.886248 0.712031
vt 0.989871 0.868944
vt 0.980492 0.869814
vt 0.992889 0.283471
vt 0.899397 0.227442
vt 0.923621 0.741838
vt 0.923621 0.753272
vt 0.913980 0.752967
vt 0.913966 0.741500
vt 0.862635 0.776299
vt 0.701494 0.992113
vt 0.701494 0.964800
vt 0.894992 0.416551
vt 0.867756 0.416700
vt 0.862099 0.198463
vt 0.889489 0.201613
vt 0.443872 0.965347
vt 0.725301 0.992113
vt 0.725301 0.964719
vt 0.889840 0.537182
vt 0.862524 0.537331
vt 0.858948 0.166776
vt 0.864112 0.166721
vt 0.863887 0.176849
vt 0.858948 0.176912
vt 0.420065 0.965428
vt 0.858366 0.917078
vt 0.830971 0.917226
vt 0.830767 0.910170
vt 0.840917 0.220285
vt 0.840917 0.231631
vt 0.831271 0.231553
vt 0.831253 0.220363
vt 0.826342 0.943817
vt 0.799141 0.943881
vt 0.799141 0.916271
vt 0.826380 0.916142
vt 0.908772 0.231482
vt 0.846453 0.274592
vt 0.853642 0.274416
vt 0.853642 0.284338
vt 0.846428 0.284524
vt 0.961875 0.368853
vt 0.961852 0.377794
vt 0.951756 0.377604
vt 0.951753 0.369004
vt 0.977534 0.093947
vt 0.977534 0.066474
vt 0.838904 0.329235
vt 0.845716 0.328749
vt 0.845716 0.338945
vt 0.838620 0.339475
vt 0.335417 0.992985
vt 0.335565 0.965289
vt 0.348989 0.965296
vt 0.349027 0.992985
vt 0.963130 0.474731
vt 0.963130 0.446720
vt 0.981380 0.446677
vt 0.981728 0.474737
vt 0.890283 0.796739
vt 0.862649 0.799019
vt 0.199787 0.965864
vt 0.890200 0.583411
vt 0.862486 0.585691
vt 0.541136 0.965535
vt 0.922339 0.122104
vt 0.922326 0.108570
vt 0.932236 0.109239
vt 0.932236 0.122528
vt 0.888878 0.668864
vt 0.916567 0.668847
vt 0.916556 0.707104
vt 0.888878 0.707120
vt 0.982533 0.163272
vt 0.982079 0.155593
vt 0.991595 0.156486
vt 0.992011 0.164631
vt 0.289122 0.993949
vt 0.278997 0.994068
vt 0.278997 0.966082
vt 0.289160 0.965851
vt 0.981750 0.754997
vt 0.982157 0.782370
vt 0.291868 0.965579
vt 0.981672 0.124580
vt 0.982079 0.152034
vt 0.447187 0.938185
vt 0.268836 0.965660
vt 0.831007 0.339304
vt 0.831007 0.329139
vt 0.838620 0.328749
vt 0.838490 0.338911
vt 0.423380 0.938185
vt 0.954981 0.881485
vt 0.953615 0.908699
vt 0.943144 0.906518
vt 0.946127 0.879628
vt 0.975531 0.914938
vt 0.982819 0.915051
vt 0.983247 0.942492
vt 0.974893 0.942362
vt 0.749108 0.992007
vt 0.749108 0.964451
vt 0.895234 0.378036
vt 0.867756 0.378184
vt 0.651475 0.992057
vt 0.651475 0.964421
vt 0.894991 0.495824
vt 0.867433 0.495971
vt 0.831150 0.716549
vt 0.858325 0.716549
vt 0.858393 0.723390
vt 0.831255 0.723570
vt 0.799656 0.231651
vt 0.859435 0.910069
vt 0.859435 0.882238
vt 0.860423 0.882218
vt 0.860396 0.910048
vt 0.995762 0.055681
vt 0.995762 0.027852
vt 0.999477 0.027841
vt 0.999372 0.055670
vt 0.835546 0.436094
vt 0.838764 0.426214
vt 0.846524 0.419026
vt 0.855347 0.418607
vt 0.862173 0.422600
vt 0.866249 0.431168
vt 0.867200 0.443403
vt 0.864561 0.439478
vt 0.861811 0.431968
vt 0.854758 0.426430
vt 0.844218 0.426662
vt 0.940712 0.436397
vt 0.940712 0.408550
vt 0.963108 0.411763
vt 0.963117 0.439578
vt 0.861129 0.878016
vt 0.889130 0.877476
vt 0.889135 0.882512
vt 0.861142 0.882825
vt 0.867004 0.339316
vt 0.866876 0.329051
vt 0.871427 0.329259
vt 0.871427 0.339516
vt 0.195099 0.966611
vt 0.175355 0.966692
vt 0.881788 0.231144
vt 0.872148 0.231581
vt 0.872148 0.218665
vt 0.881805 0.218294
vt 0.889430 0.228436
vt 0.885854 0.228486
vt 0.885870 0.218342
vt 0.889430 0.218294
vt 0.806484 0.457522
vt 0.799141 0.458023
vt 0.799141 0.419863
vt 0.806419 0.418607
vt 0.803154 0.421364
vt 0.802310 0.434932
vt 0.834524 0.434159
vt 0.834146 0.443590
vt 0.802235 0.442335
vt 0.803071 0.455663
vt 0.422304 0.995878
vt 0.412653 0.996401
vt 0.802296 0.474357
vt 0.834379 0.473822
vt 0.835461 0.469467
vt 0.835309 0.488759
vt 0.834312 0.482995
vt 0.802226 0.481760
vt 0.803264 0.495413
vt 0.806546 0.497003
vt 0.799141 0.497479
vt 0.799141 0.459196
vt 0.806442 0.458023
vt 0.803164 0.460692
vt 0.979787 0.950458
vt 0.989169 0.949998
vt 0.989328 0.966147
vt 0.979944 0.972209
vt 0.991136 0.329126
vt 0.996653 0.328999
vt 0.991136 0.357117
vt 0.989762 0.812232
vt 0.980074 0.813775
vt 0.871468 0.329103
vt 0.875646 0.329051
vt 0.875646 0.339281
vt 0.871427 0.339335
vt 0.982403 0.523706
vt 0.991968 0.522663
vt 0.991761 0.529718
vt 0.982167 0.530596
vt 0.982872 0.178768
vt 0.992319 0.177520
vt 0.992603 0.192005
vt 0.983138 0.193349
vt 0.991854 0.773096
vt 0.982333 0.772643
vt 0.982347 0.759215
vt 0.991864 0.759506
vt 0.889093 0.893021
vt 0.861623 0.894616
vt 0.963412 0.205941
vt 0.963500 0.213740
vt 0.953988 0.212610
vt 0.953886 0.205427
vt 0.982167 0.498731
vt 0.991695 0.497479
vt 0.991979 0.511962
vt 0.982433 0.513310
vt 0.860867 0.220299
vt 0.861608 0.220285
vt 0.861599 0.230543
vt 0.860867 0.230558
vt 0.881838 0.218343
vt 0.885854 0.218294
vt 0.885854 0.227969
vt 0.881805 0.228021
vt 0.615568 0.964360
vt 0.632051 0.964381
vt 0.632051 0.991827
vt 0.615570 0.991806
vt 0.897529 0.668388
vt 0.897529 0.658222
vt 0.898261 0.658236
vt 0.898271 0.668404
vt 0.155611 0.971153
vt 0.155611 0.998876
vt 0.152178 0.998872
vt 0.152017 0.971144
vt 0.059379 0.988948
vt 0.049627 0.989241
vt 0.999383 0.849353
vt 0.999374 0.860882
vt 0.989878 0.861439
vt 0.989871 0.849256
vt 0.960681 0.261884
vt 0.960681 0.284334
vt 0.950626 0.284035
vt 0.950594 0.261589
vt 0.830737 0.978013
vt 0.830836 0.972045
vt 0.840566 0.972252
vt 0.840461 0.978847
vt 0.981130 0.329947
vt 0.990828 0.328999
vt 0.991114 0.339881
vt 0.981409 0.341212
vt 0.128640 0.988937
vt 0.118808 0.989234
vt 0.963483 0.222713
vt 0.953990 0.222554
vt 0.982691 0.216878
vt 0.982790 0.210910
vt 0.992601 0.211119
vt 0.992496 0.217714
vt 0.255972 0.966142
vt 0.255972 0.994075
vt 0.245839 0.993778
vt 0.245805 0.965931
vt 1.000000 0.372770
vt 0.999983 0.384561
vt 0.990493 0.384391
vt 0.990496 0.371953
vt 0.596980 0.990394
vt 0.587161 0.991290
vt 0.587155 0.978898
vt 0.596988 0.978861
vt 0.291877 0.993491
vt 0.291868 0.965695
vt 0.304936 0.965695
vt 0.304779 0.993505
vt 0.940712 0.412088
vt 0.940712 0.439958
vt 0.913799 0.435198
vt 0.913762 0.408550
vt 0.313948 0.965977
vt 0.324035 0.965805
vt 0.323995 0.995038
vt 0.313948 0.995311
vt 0.873635 0.284264
vt 0.861776 0.166055
vt 0.861754 0.158696
vt 0.889760 0.158722
vt 0.889774 0.166632
vt 0.889718 0.181227
vt 0.917156 0.177520
vt 0.917114 0.209362
vt 0.889718 0.213032
vt 0.999357 0.868056
vt 0.989871 0.868254
vt 0.916835 0.914884
vt 0.889394 0.914933
vt 0.907409 0.997532
vt 0.907410 0.989852
vt 0.917068 0.990802
vt 0.917069 0.997852
vt 0.839252 0.284610
vt 0.839252 0.274416
vt 0.845747 0.274764
vt 0.846428 0.285008
vt 0.927246 0.623884
vt 0.927238 0.610479
vt 0.937140 0.610780
vt 0.937140 0.624370
vt 0.981790 0.692341
vt 0.981792 0.678968
vt 0.991640 0.679930
vt 0.991626 0.693513
vt 0.991128 0.423547
vt 0.049433 0.967418
vt 0.049382 0.974901
vt 0.039634 0.974016
vt 0.039676 0.967250
vt 0.148124 0.971144
vt 0.999921 0.806080
vt 0.990355 0.806282
vt 0.990361 0.799900
vt 0.999938 0.799010
vt 0.983379 0.261279
vt 0.983457 0.269079
vt 0.973704 0.267931
vt 0.973611 0.260749
vt 0.185534 0.989355
vt 0.185456 0.984610
vt 0.195300 0.987916
vt 0.928508 0.819175
vt 0.991979 0.497479
vt 0.996697 0.497534
vt 0.996697 0.525557
vt 0.992037 0.525500
vt 0.039749 0.989603
vt 0.039670 0.984859
vt 0.049433 0.988163
vt 0.993303 0.259629
vt 0.993373 0.231696
vt 0.997468 0.231651
vt 0.997468 0.259581
vt 0.859216 0.230336
vt 0.859216 0.220285
vt 0.965784 0.914933
vt 0.965784 0.942363
vt 0.918060 0.764069
vt 0.890749 0.765595
vt 0.861847 0.289403
vt 0.889612 0.285566
vt 0.900125 0.265513
vt 0.900125 0.285523
vt 0.890076 0.285346
vt 0.890050 0.265345
vt 0.981963 0.472915
vt 0.991770 0.471860
vt 0.991564 0.478916
vt 0.981728 0.479804
vt 0.835493 0.390180
vt 0.835655 0.381185
vt 0.862817 0.381445
vt 0.862666 0.389970
vt 0.891302 0.338975
vt 0.891302 0.329051
vt 0.894571 0.329120
vt 0.894685 0.339050
vt 0.993109 0.540549
vt 0.993109 0.572732
vt 0.983227 0.572548
vt 0.983184 0.540310
vt 0.014436 0.969623
vt 0.014436 0.997048
vt 0.009673 0.997097
vt 0.009741 0.969667
vt 0.877986 0.166721
vt 0.877986 0.176866
vt 0.873857 0.177104
vt 0.873994 0.166948
vt 0.907525 0.980596
vt 0.907636 0.970847
vt 0.917069 0.972507
vt 0.916947 0.981353
vt 0.908654 0.213032
vt 0.913898 0.328999
vt 0.941786 0.329008
vt 0.941786 0.358812
vt 0.913939 0.358890
vt 0.893714 0.540082
vt 0.890246 0.540072
vt 0.890246 0.530700
vt 0.933978 0.496889
vt 0.923933 0.497132
vt 0.923933 0.478375
vt 0.934003 0.478155
vt 0.875730 0.339080
vt 0.875645 0.329051
vt 0.879810 0.329311
vt 0.879810 0.339329
vt 0.446836 0.965587
vt 0.446836 0.995805
vt 0.436793 0.995544
vt 0.436752 0.965347
vt 0.954032 0.161601
vt 0.963553 0.160708
vt 0.963568 0.169175
vt 0.954061 0.170042
vt 0.979770 0.950022
vt 0.799141 0.979129
vt 0.808623 0.979957
vt 0.018893 0.973196
vt 0.018823 0.966690
vt 0.028472 0.971270
vt 0.963382 0.231091
vt 0.953886 0.231402
vt 0.889182 0.978511
vt 0.898745 0.979340
vt 0.982761 0.587133
vt 0.992223 0.590681
vt 0.992148 0.604032
vt 0.982602 0.605536
vt 0.953798 0.205947
vt 0.953886 0.213746
vt 0.944051 0.212609
vt 0.943949 0.205427
vt 0.981728 0.447939
vt 0.991497 0.446677
vt 0.991781 0.461161
vt 0.981994 0.462519
vt 0.850026 0.944370
vt 0.859787 0.947684
vt 0.378151 0.938420
vt 0.398695 0.938368
vt 0.398695 0.966241
vt 0.378142 0.966266
vt 0.983500 0.480608
vt 0.983498 0.496674
vt 0.973365 0.497010
vt 0.973365 0.480992
vt 0.849990 0.973044
vt 0.849974 0.985353
vt 0.840567 0.985103
vt 0.840568 0.972045
vt 0.862885 0.231892
vt 0.890050 0.231651
vt 0.917831 0.241852
vt 0.890606 0.243443
vt 0.903355 0.668286
vt 0.903355 0.658222
vt 0.903948 0.658260
vt 0.861904 0.339307
vt 0.861840 0.329051
vt 0.866876 0.329150
vt 0.866876 0.339404
vt 0.981025 0.313176
vt 0.989115 0.943182
vt 0.989147 0.947368
vt 0.979755 0.947667
vt 0.979724 0.943763
vt 0.936760 0.823987
vt 0.936413 0.814749
vt 0.946150 0.815915
vt 0.148100 0.991796
vt 0.138371 0.992742
vt 0.859960 0.954772
vt 0.148124 0.971144
vt 0.151890 0.971177
vt 0.151955 0.998605
vt 0.148124 0.998569
vt 0.195300 0.994475
vt 0.889718 0.219881
vt 0.899363 0.220793
vt 0.118583 0.967484
vt 0.118532 0.974967
vt 0.108946 0.974085
vt 0.108988 0.967319
vt 0.870664 0.973166
vt 0.967341 0.111672
vt 0.967324 0.103646
vt 0.977526 0.103452
vt 0.977534 0.111979
vt 0.970238 0.992794
vt 0.970158 0.988049
vt 0.979680 0.991348
vt 0.999310 0.908712
vt 0.989582 0.908918
vt 0.989589 0.902536
vt 0.999327 0.901642
vt 0.979680 0.970500
vt 0.853973 0.176596
vt 0.853854 0.166484
vt 0.861412 0.338798
vt 0.357040 0.965779
vt 0.358318 0.938538
vt 0.364847 0.938396
vt 0.364907 0.965586
vt 0.926868 0.979823
vt 0.584342 0.966031
vt 0.584298 0.995014
vt 0.574253 0.995486
vt 0.574253 0.965793
vt 0.890246 0.501253
vt 0.917835 0.497479
vt 0.917796 0.526817
vt 0.890246 0.530687
vt 0.861573 0.328758
vt 0.861678 0.328760
vt 0.965435 0.205427
vt 0.943950 0.205392
vt 0.943949 0.177520
vt 0.965435 0.177582
vt 0.829857 0.126973
vt 0.830716 0.123389
vt 0.830683 0.136473
vt 0.829562 0.132218
vt 0.810978 0.134814
vt 0.831267 0.148127
vt 0.810485 0.161572
vt 0.829739 0.164572
vt 0.830399 0.163633
vt 0.830617 0.177520
vt 0.829382 0.172349
vt 0.799141 0.165271
vt 0.823382 0.149802
vt 0.799141 0.134105
vt 0.918284 0.654009
vt 0.918284 0.626572
vt 0.923633 0.626251
vt 0.948624 0.074040
vt 0.958305 0.073841
vt 0.958409 0.081135
vt 0.948734 0.081310
vt 0.858606 0.739400
vt 0.861721 0.124478
vt 0.870193 0.176210
vt 0.927899 0.524849
vt 0.937825 0.524547
vt 0.937823 0.537940
vt 0.927899 0.538169
vt 0.992592 0.202704
vt 0.983108 0.203744
vt 0.917287 0.971264
vt 0.108946 0.967411
vt 0.108946 0.988910
vt 0.098897 0.988821
vt 0.098870 0.967319
vt 0.864982 0.166809
vt 0.869159 0.166721
vt 0.869159 0.176392
vt 0.864112 0.176501
vt 0.989259 0.977458
vt 0.018906 0.981066
vt 0.028481 0.981205
vt 0.028399 0.989583
vt 0.018823 0.989914
vt 0.917085 0.942899
vt 0.889182 0.942963
vt 0.889185 0.915035
vt 0.917085 0.914933
vt 0.976447 0.406970
vt 0.980307 0.407881
vt 0.962856 0.407977
vt 0.968037 0.406945
vt 0.968204 0.379050
vt 0.964086 0.377959
vt 0.980307 0.377856
vt 0.976118 0.379001
vt 0.867001 0.409170
vt 0.862817 0.409488
vt 0.862817 0.381541
vt 0.867337 0.381185
vt 0.977654 0.044715
vt 0.967464 0.045421
vt 0.967447 0.037768
vt 0.977648 0.036620
vt 0.941792 0.723126
vt 0.676980 0.964326
vt 0.651475 0.964421
vt 0.651498 0.937218
vt 0.676980 0.937088
vt 0.989310 0.982375
vt 0.989313 0.989460
vt 0.979686 0.989609
vt 0.979682 0.982751
vt 0.883356 0.166721
vt 0.982157 0.748626
vt 0.991690 0.749467
vt 0.869159 0.176241
vt 0.979682 0.942854
vt 0.982157 0.782370
vt 0.991716 0.780910
vt 0.954244 0.153904
vt 0.963740 0.154045
vt 0.999158 0.971412
vt 0.999142 0.983203
vt 0.989328 0.983025
vt 0.989332 0.970587
vt 0.989582 0.890145
vt 0.999335 0.890110
vt 0.495166 0.974477
vt 0.504671 0.973571
vt 0.504668 0.982932
vt 0.495177 0.983152
vt 0.850026 0.983626
vt 0.859670 0.982440
vt 0.990933 0.443379
vt 0.981255 0.442990
vt 0.059975 0.966252
vt 0.992385 0.209759
vt 0.982872 0.210633
vt 0.952646 0.993193
vt 0.943159 0.994133
vt 0.773507 0.964379
vt 0.773096 0.992337
vt 0.773302 0.964386
vt 0.991136 0.354895
vt 0.981408 0.356102
vt 0.870650 0.991885
vt 0.861083 0.992828
vt 0.999074 0.889381
vt 0.989582 0.890110
vt 0.989586 0.878964
vt 0.999093 0.878065
vt 0.889612 0.329051
vt 0.883767 0.176745
vt 0.883885 0.176748
vt 0.574213 0.995530
vt 0.564168 0.995785
vt 0.564168 0.966029
vt 0.574253 0.965793
vt 0.972656 0.357875
vt 0.972667 0.368565
vt 0.963012 0.367362
vt 0.962991 0.358733
vt 0.858736 0.726602
vt 0.858606 0.736643
vt 0.858606 0.726597
vt 0.435560 0.965347
vt 0.436752 0.993258
vt 0.430860 0.993316
vt 0.426182 0.965347
vt 0.839360 0.176406
vt 0.839360 0.166484
vt 0.846782 0.166650
vt 0.846806 0.176583
vt 0.070018 0.990964
vt 0.059975 0.991169
vt 0.059975 0.969800
vt 0.070045 0.969591
vt 0.485187 0.964999
vt 0.494800 0.965399
vt 0.963740 0.175392
vt 0.954294 0.177070
vt 0.983430 0.278052
vt 0.973694 0.277875
vt 0.799240 0.973161
vt 0.808728 0.973362
vt 0.926868 0.992586
vt 0.917278 0.992874
vt 0.953869 0.222720
vt 0.944053 0.222553
vt 0.889281 0.972543
vt 0.898850 0.972746
vt 0.858854 0.672507
vt 0.858854 0.711269
vt 0.831141 0.706970
vt 0.831090 0.668847
vt 0.541136 0.966063
vt 0.541136 0.993980
vt 0.537499 0.993902
vt 0.537145 0.965956
vt 0.049636 0.967631
vt 0.118817 0.967623
vt 0.199583 0.939293
vt 0.199497 0.966963
vt 0.195099 0.966980
vt 0.195099 0.939312
vt 0.860107 0.220303
vt 0.860867 0.220285
vt 0.860867 0.230410
vt 0.860106 0.230429
vt 0.967447 0.000345
vt 0.977697 -0.000000
vt 0.900540 0.668112
vt 0.963919 0.839327
vt 0.098214 0.988195
vt 0.088636 0.989122
vt 0.089100 0.984024
vt 0.098630 0.982911
vt 0.862099 0.231211
vt 0.862099 0.218294
vt 0.872148 0.218377
vt 0.872139 0.230848
vt 0.537017 0.966637
vt 0.537017 0.994067
vt 0.527613 0.993802
vt 0.527582 0.965955
vt 0.913679 0.496542
vt 0.913679 0.478155
vt 0.923933 0.478510
vt 0.923933 0.496876
vt 0.889808 0.213032
vt 0.899458 0.213233
vt 0.981827 0.721722
vt 0.981644 0.711645
vt 0.991418 0.712493
vt 0.991594 0.722717
vt 0.981609 0.668847
vt 0.991464 0.669698
vt 0.981609 0.702591
vt 0.991490 0.701142
vt 0.950562 0.284913
vt 0.940510 0.285166
vt 0.940510 0.261836
vt 0.950594 0.261589
vt 0.859039 0.284452
vt 0.858887 0.274416
vt 0.863983 0.274734
vt 0.863983 0.284748
vt 0.941356 0.474508
vt 0.941355 0.446677
vt 0.963130 0.449483
vt 0.963130 0.477286
vt 0.827731 0.944037
vt 0.827731 0.984731
vt 0.817535 0.984519
vt 0.817482 0.943881
vt 0.952661 0.974474
vt 0.982657 0.231350
vt 0.973257 0.231544
vt 0.973257 0.206025
vt 0.982691 0.205427
vt 0.996710 0.748626
vt 0.996305 0.776599
vt 0.991864 0.776625
vt 0.991864 0.748655
vt 0.962997 0.738969
vt 0.956447 0.739911
vt 0.956587 0.712573
vt 0.962997 0.711645
vt 0.996642 0.356999
vt 0.949098 0.740996
vt 0.941792 0.742097
vt 0.941899 0.714781
vt 0.949238 0.713666
vt 0.962991 0.356404
vt 0.956440 0.357346
vt 0.956581 0.329926
vt 0.962991 0.328999
vt 0.949092 0.358430
vt 0.941786 0.359531
vt 0.941892 0.332133
vt 0.949231 0.331019
vt 0.895081 0.426955
vt 0.867752 0.426051
vt 0.867200 0.454871
vt 0.894189 0.457457
vt 0.996878 0.094171
vt 0.996878 0.122186
vt 0.991429 0.122235
vt 0.991533 0.094214
vt 0.890884 0.572233
vt 0.894241 0.572164
vt 0.894241 0.582086
vt 0.890705 0.582162
vt 0.796426 0.937107
vt 0.790439 0.964342
vt 0.958898 0.001595
vt 0.772449 0.937107
vt 0.766451 0.964423
vt 0.944668 0.611435
vt 0.944668 0.583411
vt 0.958734 0.082923
vt 0.941470 0.497462
vt 0.950850 0.496906
vt 0.944548 0.151495
vt 0.944548 0.123389
vt 0.835461 0.497479
vt 0.893754 0.878532
vt 0.893067 0.878328
vt 0.895319 0.871640
vt 0.898122 0.863151
vt 0.078564 0.967028
vt 0.088636 0.966865
vt 0.088608 0.988856
vt 0.078564 0.989016
vt 0.894588 0.540107
vt 0.789169 0.992254
vt 0.774829 0.964375
vt 0.789169 0.964371
vt 0.764026 0.964451
vt 0.772119 0.965540
vt 0.772119 0.992967
vt 0.764042 0.991890
vt 0.853107 0.328873
vt 0.853107 0.338806
vt 0.845721 0.338671
vt 0.845716 0.328749
vt 0.963145 0.867157
vt 0.943267 0.869885
vt 0.943267 0.842082
vt 0.963146 0.839326
vt 0.972636 0.377248
vt 0.962991 0.377407
vt 0.990026 0.387339
vt 0.882193 0.176773
vt 0.877986 0.176856
vt 0.878035 0.166808
vt 0.882193 0.166721
vt 0.541136 0.965764
vt 0.553594 0.965764
vt 0.553491 0.993224
vt 0.541267 0.993208
vt 0.908911 0.819912
vt 0.918669 0.819175
vt 0.918664 0.826986
vt 0.908915 0.827889
vt 0.943144 0.942854
vt 0.471175 0.964999
vt 0.335417 0.965805
vt 0.447187 0.965080
vt 0.849990 0.989909
vt 0.840603 0.991201
vt 0.945662 0.315468
vt 0.938851 0.316520
vt 0.938851 0.289046
vt 0.945792 0.287967
vt 0.890070 0.577602
vt 0.862368 0.579584
vt 0.917085 0.970888
vt 0.917093 0.943015
vt 0.936504 0.943040
vt 0.936543 0.970888
vt 0.799812 0.894668
vt 0.993284 0.658099
vt 0.983400 0.658307
vt 0.983400 0.626342
vt 0.993326 0.626107
vt 0.861129 0.839434
vt 0.889182 0.839326
vt 0.846806 0.166628
vt 0.853854 0.166484
vt 0.853840 0.176411
vt 0.846806 0.176564
vt 0.596963 0.997464
vt 0.587155 0.997671
vt 0.908928 0.815412
vt 0.908911 0.787477
vt 0.936413 0.791278
vt 0.936413 0.819175
vt 0.936052 0.567963
vt 0.996941 0.436241
vt 0.991225 0.436219
vt 0.991128 0.408550
vt 0.996941 0.408574
vt 0.495163 0.966569
vt 0.504681 0.966037
vt 0.993310 0.287262
vt 0.993336 0.314674
vt 0.981025 0.312991
vt 0.981025 0.285566
vt 0.992603 0.177651
vt 0.997013 0.177520
vt 0.996892 0.205178
vt 0.992603 0.205291
vt 0.853107 0.328749
vt 0.858823 0.328749
vt 0.858607 0.338634
vt 0.853462 0.338645
vt 0.690650 0.992656
vt 0.676980 0.992784
vt 0.677172 0.965099
vt 0.690650 0.964984
vt 0.913797 0.436506
vt 0.964176 0.259756
vt 0.973611 0.259568
vt 0.973611 0.284973
vt 0.964209 0.284669
vt 0.010274 0.940890
vt 0.495162 0.964999
vt 0.488518 0.964971
vt 0.494471 0.937977
vt 0.958898 0.032167
vt 0.313948 0.965475
vt 0.471175 0.965080
vt 0.464530 0.965051
vt 0.470495 0.937977
vt 0.962856 0.405425
vt 0.956305 0.406366
vt 0.956445 0.378784
vt 0.962856 0.377856
vt 0.965751 0.567447
vt 0.948956 0.407450
vt 0.941650 0.408550
vt 0.941757 0.380989
vt 0.949096 0.379876
vt 0.962837 0.696497
vt 0.956286 0.697438
vt 0.956427 0.669774
vt 0.962837 0.668847
vt 0.948938 0.698521
vt 0.941631 0.699621
vt 0.941738 0.671979
vt 0.949077 0.670866
vt 0.863586 0.469566
vt 0.836013 0.468660
vt 0.938851 0.291495
vt 0.938851 0.319739
vt 0.990887 0.363164
vt 0.981129 0.364020
vt 0.961875 0.360517
vt 0.951753 0.360861
vt 0.827936 0.971708
vt 0.597409 0.938187
vt 0.597409 0.978860
vt 0.587202 0.978062
vt 0.587155 0.937958
vt 0.830304 0.916142
vt 0.830224 0.943326
vt 0.826380 0.943342
vt 0.826380 0.916159
vt 0.983348 0.284746
vt 0.973611 0.284973
vt 0.923944 0.377657
vt 0.913898 0.377899
vt 0.913898 0.359058
vt 0.923968 0.358890
vt 0.245805 0.966121
vt 0.587155 0.965793
vt 0.138358 0.939293
vt 0.773096 0.964371
vt 0.749108 0.964451
vt 0.850932 0.374178
vt 0.851499 0.365024
vt 0.850457 0.381023
vt 0.897529 0.658388
vt 0.897529 0.668054
vt 0.894242 0.667897
vt 0.894131 0.658222
vt 0.888986 0.976711
vt 0.879611 0.976534
vt 0.941573 0.672489
vt 0.941631 0.699693
vt 0.916567 0.696072
vt 0.916567 0.668847
vt 0.858789 0.752390
vt 0.858785 0.752390
vt 0.858789 0.724584
vt 0.981622 0.231651
vt 0.981622 0.259546
vt 0.964176 0.259568
vt 0.964177 0.231675
vt 0.987628 0.028203
vt 0.987629 0.066272
vt 0.977697 0.065965
vt 0.977697 0.027841
vt 0.890050 0.231651
vt 0.917367 0.231882
vt 0.889743 0.626396
vt 0.862462 0.626107
vt 0.890222 0.753802
vt 0.917620 0.754099
vt 0.944785 0.259434
vt 0.894558 0.419159
vt 0.867200 0.418607
vt 0.848400 0.230157
vt 0.848267 0.220285
vt 0.853981 0.220605
vt 0.853981 0.230464
vt 0.944699 0.525342
vt 0.997465 0.654075
vt 0.993326 0.654037
vt 0.993326 0.626107
vt 0.997397 0.626142
vt 0.993666 0.480983
vt 0.993666 0.496695
vt 0.983500 0.496422
vt 0.983500 0.480608
vt 0.797084 0.964371
vt 0.917053 0.285566
vt 0.932058 0.289699
vt 0.773096 0.964451
vt 0.801320 0.813022
vt 0.801385 0.821470
vt 0.802325 0.834062
vt 0.799141 0.826185
vt 0.799141 0.812593
vt 0.803530 0.802636
vt 0.830737 0.944391
vt 0.850026 0.944370
vt 0.850023 0.972022
vt 0.830737 0.972045
vt 0.890558 0.658262
vt 0.894131 0.658222
vt 0.894131 0.668148
vt 0.890555 0.668192
vt 0.859435 0.910019
vt 0.827444 0.881354
vt 0.830718 0.881341
vt 0.830651 0.909070
vt 0.827444 0.909077
vt 0.810441 0.269690
vt 0.830318 0.271887
vt 0.830527 0.285566
vt 0.829285 0.280377
vt 0.799141 0.273325
vt 0.823318 0.257916
vt 0.799141 0.242280
vt 0.829741 0.235110
vt 0.830156 0.232502
vt 0.830554 0.244582
vt 0.829539 0.240414
vt 0.810917 0.242945
vt 0.831133 0.256302
vt 0.943267 0.839420
vt 0.943267 0.867348
vt 0.915441 0.867292
vt 0.915426 0.839326
vt 0.398695 0.966442
vt 0.398695 0.938368
vt 0.399323 0.938464
vt 0.518020 0.966502
vt 0.517938 0.994184
vt 0.514458 0.993733
vt 0.514458 0.966037
vt 0.898271 0.668476
vt 0.898274 0.658222
vt 0.899005 0.658237
vt 0.899005 0.668492
vt 0.917211 0.123956
vt 0.890232 0.131776
vt 0.889774 0.123389
vt 0.541136 0.965955
vt 0.518149 0.966037
vt 0.943144 0.942854
vt 0.943160 0.914966
vt 0.965784 0.914933
vt 0.965784 0.942789
vt 0.846160 0.340844
vt 0.854945 0.339670
vt 0.864257 0.346245
vt 0.867524 0.362313
vt 0.864256 0.357622
vt 0.856639 0.348327
vt 0.846415 0.347500
vt 0.840662 0.351162
vt 0.232353 0.966301
vt 0.242440 0.966120
vt 0.242408 0.988529
vt 0.232353 0.988720
vt 0.255972 0.966133
vt 0.266135 0.965931
vt 0.266098 0.993680
vt 0.255972 0.993942
vt 0.982079 0.176356
vt 0.991556 0.176843
vt 0.941126 0.906378
vt 0.916835 0.909550
vt 0.916850 0.881734
vt 0.941126 0.878532
vt 0.232296 0.990446
vt 0.222818 0.989802
vt 0.962997 0.739684
vt 0.962997 0.711645
vt 0.981640 0.711665
vt 0.981644 0.739703
vt 0.944785 0.231651
vt 0.944699 0.497479
vt 0.861067 0.882825
vt 0.888628 0.883052
vt 0.889893 0.540599
vt 0.862368 0.540310
vt 0.799141 0.881341
vt 0.826785 0.881419
vt 0.863064 0.461769
vt 0.835461 0.461215
vt 0.997429 0.540438
vt 0.997429 0.568246
vt 0.993141 0.568118
vt 0.993108 0.540310
vt 0.861176 0.327747
vt 0.860738 0.299266
vt 0.861840 0.328749
vt 0.195248 0.974653
vt 0.185420 0.973767
vt 0.858837 0.716549
vt 0.831131 0.712523
vt 0.997400 0.938191
vt 0.993198 0.938286
vt 0.997477 0.910297
vt 0.861721 0.123389
vt 0.889774 0.123393
vt 0.889920 0.663399
vt 0.862462 0.665380
vt 0.979682 0.982375
vt 0.991707 0.696738
vt 0.991640 0.668847
vt 0.996923 0.668969
vt 0.996923 0.696857
vt 0.799099 0.964572
vt 0.799099 0.996519
vt 0.789210 0.996236
vt 0.789169 0.964370
vt 0.960423 0.496423
vt 0.950850 0.497155
vt 0.950853 0.486009
vt 0.960441 0.485108
vt 0.860631 0.909480
vt 0.861048 0.909422
vt 0.861048 0.937381
vt 0.899026 0.667883
vt 0.899005 0.658222
vt 0.899781 0.658236
vt 0.899781 0.667898
vt 0.899843 0.157411
vt 0.899843 0.177410
vt 0.889800 0.177151
vt 0.889774 0.157192
vt 0.041626 0.940183
vt 0.044442 0.966994
vt 0.039634 0.967250
vt 0.862817 0.418494
vt 0.835650 0.418607
vt 0.018687 0.997490
vt 0.014472 0.997453
vt 0.014436 0.969623
vt 0.018687 0.969660
vt 0.138321 0.973997
vt 0.128653 0.974913
vt 0.128640 0.967421
vt 0.138317 0.967239
vt 0.983457 0.260749
vt 0.992889 0.261825
vt 0.956296 0.818312
vt 0.966134 0.819226
vt 0.966533 0.826349
vt 0.946466 0.820819
vt 0.946438 0.814856
vt 0.956270 0.814749
vt 0.387881 0.987595
vt 0.378142 0.988534
vt 0.378607 0.983437
vt 0.388297 0.982312
vt 0.880162 0.329121
vt 0.883936 0.329051
vt 0.883936 0.338933
vt 0.879810 0.339015
vt 0.900721 0.572175
vt 0.901416 0.572164
vt 0.901416 0.582334
vt 0.900706 0.582347
vt 0.964020 0.781633
vt 0.944986 0.784196
vt 0.945037 0.756384
vt 0.964020 0.753802
vt 0.860033 0.230322
vt 0.958409 0.060981
vt 0.948733 0.061403
vt 0.378142 0.938368
vt 0.378142 0.965552
vt 0.918645 0.838302
vt 0.908911 0.839035
vt 0.963946 0.160482
vt 0.973774 0.159568
vt 0.973775 0.168901
vt 0.963959 0.169072
vt 0.388263 0.973840
vt 0.378611 0.975107
vt 0.378142 0.967348
vt 0.387777 0.966266
vt 0.690922 0.995531
vt 0.700653 0.996459
vt 0.909658 0.176319
vt 0.899843 0.177054
vt 0.899847 0.165908
vt 0.909677 0.165004
vt 0.999942 0.807101
vt 0.999926 0.818892
vt 0.990355 0.818720
vt 0.990358 0.806282
vt 0.982117 0.131874
vt 0.982528 0.123389
vt 0.992271 0.124216
vt 0.991875 0.133001
vt 0.973331 0.482310
vt 0.963598 0.483581
vt 0.963130 0.475825
vt 0.972845 0.474736
vt 0.982452 0.154740
vt 0.982079 0.145358
vt 0.991869 0.146512
vt 0.992271 0.155593
vt 0.867103 0.488674
vt 0.863885 0.489137
vt 0.863694 0.461710
vt 0.867103 0.461215
vt 0.954032 0.154168
vt 0.954032 0.177520
vt 0.943981 0.177244
vt 0.943949 0.153904
vt 0.878018 0.274416
vt 0.882179 0.274473
vt 0.882179 0.284324
vt 0.878043 0.284273
vt 0.926496 0.567982
vt 0.923968 0.378157
vt 0.923968 0.359449
vt 0.933847 0.358890
vt 0.933833 0.377901
vt 0.514400 0.990363
vt 0.504680 0.989712
vt 0.848267 0.230456
vt 0.840917 0.230458
vt 0.841634 0.220302
vt 0.941637 0.741500
vt 0.914203 0.741500
vt 0.885904 0.166721
vt 0.889521 0.166748
vt 0.889521 0.176675
vt 0.885995 0.176644
vt 0.109060 0.989673
vt 0.108981 0.984928
vt 0.118583 0.988229
vt 0.460706 0.965136
vt 0.460839 0.992814
vt 0.447187 0.992751
vt 0.447187 0.965079
vt 0.963942 0.152574
vt 0.973783 0.152034
vt 0.963974 0.176429
vt 0.973783 0.176693
vt 0.899843 0.157931
vt 0.909682 0.157192
vt 1.000000 0.390658
vt 0.990521 0.390659
vt 0.962548 0.883012
vt 0.962548 0.910478
vt 0.928361 0.568159
vt 0.938020 0.567982
vt 0.938005 0.580608
vt 0.928361 0.580758
vt 0.897418 0.581838
vt 0.897418 0.572198
vt 0.900706 0.572164
vt 0.900695 0.581801
vt 0.991841 0.066234
vt 0.997069 0.066261
vt 0.997069 0.094171
vt 0.991920 0.094145
vt 0.174843 0.988410
vt 0.165346 0.989332
vt 0.165810 0.984235
vt 0.175260 0.983127
vt 0.388786 0.973024
vt 0.388297 0.966266
vt 0.397901 0.967087
vt 0.398357 0.974177
vt 0.165309 0.968865
vt 0.155611 0.967080
vt 0.222705 0.966193
vt 0.222767 0.993600
vt 0.219003 0.993501
vt 0.219003 0.966093
vt 0.839350 0.166621
vt 0.839360 0.176303
vt 0.831267 0.176155
vt 0.831267 0.166484
vt 0.000000 0.991923
vt 0.831121 0.327738
vt 0.831007 0.321041
vt 0.890597 0.658119
vt 0.890555 0.626107
vt 0.918284 0.626107
vt 0.918283 0.658222
vt 0.973257 0.205427
vt 0.973251 0.211054
vt 0.963500 0.210297
vt 0.969931 0.989465
vt 0.969790 0.992647
vt 0.960394 0.992041
vt 0.960537 0.988743
vt 0.989582 0.908989
vt 0.979683 0.909326
vt 0.979687 0.871214
vt 0.989582 0.870827
vt 0.218945 0.990418
vt 0.209386 0.989772
vt 0.983247 0.932265
vt 0.983286 0.918781
vt 0.992802 0.919901
vt 0.992796 0.933412
vt 0.894337 0.572300
vt 0.897418 0.572165
vt 0.897418 0.582299
vt 0.894241 0.582443
vt 0.900540 0.658222
vt 0.960726 0.978833
vt 0.970123 0.980271
vt 0.222846 0.972199
vt 0.222818 0.966236
vt 0.232328 0.966121
vt 0.324331 0.967008
vt 0.333870 0.965805
vt 0.333513 0.984086
vt 0.324035 0.985410
vt 0.504709 0.972109
vt 0.504680 0.966146
vt 0.514432 0.966037
vt 0.967283 0.066688
vt 0.977534 0.066474
vt 0.356284 0.992984
vt 0.349027 0.993953
vt 0.349027 0.966271
vt 0.356306 0.965289
vt 0.993303 0.259065
vt 0.981622 0.260626
vt 0.981733 0.233214
vt 0.993303 0.231651
vt 0.941126 0.878532
vt 0.993198 0.910405
vt 0.901292 0.658240
vt 0.901973 0.658222
vt 0.901973 0.668352
vt 0.901265 0.668372
vt 0.989304 0.998304
vt 0.979682 0.998773
vt 0.868134 0.283935
vt 0.831133 0.284087
vt 0.831133 0.274416
vt 0.839243 0.274600
vt 0.839252 0.284282
vt 0.902419 0.999678
vt 0.898850 0.999691
vt 0.899048 0.972574
vt 0.902419 0.972543
vt 0.972949 0.496066
vt 0.963130 0.497010
vt 0.963594 0.491914
vt 0.973365 0.490783
vt 0.917855 0.524906
vt 0.927899 0.524547
vt 0.927899 0.538009
vt 0.917835 0.538586
vt 0.873956 0.274551
vt 0.878018 0.274416
vt 0.878018 0.284047
vt 0.873635 0.284200
vt 0.999620 0.849256
vt 0.989899 0.849251
vt 0.989871 0.842983
vt 0.999603 0.843159
vt 0.950850 0.479563
vt 0.960445 0.477285
vt 0.999158 0.989300
vt 0.989357 0.989293
vt 0.199820 0.990483
vt 0.199804 0.983211
vt 0.209376 0.982988
vt 0.209386 0.990751
vt 0.989582 0.870986
vt 0.999098 0.870827
vt 0.999942 0.824989
vt 0.990383 0.824988
vt 0.963528 0.228761
vt 0.963512 0.220553
vt 0.973248 0.220387
vt 0.973257 0.230843
vt 0.990355 0.787509
vt 0.999946 0.787477
vt 0.861454 0.328758
vt 0.861562 0.328758
vt 0.858366 0.882273
vt 0.907525 0.942963
vt 0.916958 0.943014
vt 0.859435 0.937825
vt 0.858519 0.937902
vt 0.858494 0.910098
vt 0.859435 0.910019
vt 0.165814 0.975902
vt 0.175226 0.974653
vt 0.089104 0.975694
vt 0.098596 0.974439
vt 0.666393 0.964603
vt 0.676320 0.964421
vt 0.676277 0.996200
vt 0.666393 0.996456
vt 0.495194 0.991275
vt 0.504681 0.993360
vt 0.956238 0.839075
vt 0.946438 0.838422
vt 0.869926 0.668847
vt 0.880769 0.669742
vt 0.888250 0.679815
vt 0.888878 0.711645
vt 0.887203 0.692138
vt 0.883999 0.681637
vt 0.877366 0.676297
vt 0.865538 0.677321
vt 0.195300 0.967170
vt 0.185462 0.967001
vt 0.996482 0.942857
vt 0.996482 0.970580
vt 0.989345 0.970587
vt 0.989328 0.942854
vt 0.423380 0.993045
vt 0.927238 0.610740
vt 0.917811 0.610479
vt 0.951746 0.360864
vt 0.951753 0.369726
vt 0.951748 0.377856
vt 0.941650 0.377483
vt 0.941654 0.369428
vt 0.941650 0.360517
vt 0.917804 0.587081
vt 0.917804 0.617175
vt 0.890240 0.614137
vt 0.890200 0.583411
vt 0.890041 0.283968
vt 0.889464 0.274551
vt 0.890041 0.274509
vt 0.333870 0.994748
vt 0.324425 0.995614
vt 0.858366 0.882366
vt 0.999620 0.831368
vt 0.989874 0.830545
vt 0.992588 0.614798
vt 0.983069 0.615738
vt 0.992588 0.583411
vt 0.928492 0.837894
vt 0.918682 0.838841
vt 0.997063 0.150787
vt 0.992271 0.150900
vt 0.992290 0.123501
vt 0.997063 0.123389
vt 0.891302 0.338451
vt 0.887540 0.338592
vt 0.887697 0.329180
vt 0.891302 0.329051
vt 0.990355 0.787477
vt 0.830913 0.231651
vt 0.676980 0.937088
vt 0.701481 0.937096
vt 0.701494 0.964984
vt 0.676980 0.964944
vt 0.936299 0.987255
vt 0.926871 0.987919
vt 0.902157 0.572182
vt 0.902157 0.581843
vt 0.901441 0.581826
vt 0.901416 0.572165
vt 0.965655 0.626304
vt 0.905519 0.427884
vt 0.905517 0.446318
vt 0.895298 0.446677
vt 0.895298 0.428271
vt 0.960394 0.970500
vt 0.969838 0.971617
vt 0.936453 0.992957
vt 0.927025 0.992965
vt 0.885955 0.284606
vt 0.885924 0.274509
vt 0.889464 0.274561
vt 0.889464 0.284659
vt 0.879670 0.983245
vt 0.889054 0.983698
vt 0.484861 0.992695
vt 0.471175 0.992695
vt 0.471271 0.965003
vt 0.484821 0.964999
vt 0.165346 0.968147
vt 0.174740 0.967080
vt 0.461111 0.995626
vt 0.470601 0.996544
vt 0.983696 0.910297
vt 0.993198 0.911115
vt 0.088636 0.967937
vt 0.098110 0.966865
vt 0.983620 0.941648
vt 0.993198 0.942492
vt 0.953768 0.231097
vt 0.943949 0.231402
vt 0.209415 0.972169
vt 0.885904 0.166749
vt 0.885904 0.176766
vt 0.209386 0.966206
vt 0.218977 0.966093
vt 0.964114 0.583440
vt 0.982602 0.583411
vt 0.982602 0.611283
vt 0.964061 0.611288
vt 0.937299 0.943015
vt 0.943144 0.943143
vt 0.943144 0.970784
vt 0.937320 0.970651
vt 0.980841 0.372089
vt 0.990493 0.371953
vt 0.990355 0.822880
vt 0.980689 0.823967
vt 0.563752 0.994708
vt 0.553984 0.995584
vt 0.740219 0.964734
vt 0.748316 0.964719
vt 0.748301 0.992201
vt 0.740219 0.992205
vt 0.853641 0.274703
vt 0.858887 0.274416
vt 0.858875 0.284649
vt 0.853641 0.284924
s 0
usemtl Material
f 313/1/1 294/2/1 295/3/1
f 328/4/2 1234/5/2 1233/6/2
f 544/7/3 545/8/3 543/9/3
f 526/10/4 527/11/4 528/12/4
f 178/13/5 179/14/5 180/15/5 181/16/5 182/17/5 183/18/5 184/19/5 176/20/5 177/21/5
f 189/22/6 190/23/6 187/24/6
f 262/25/7 263/26/7 268/27/7
f 354/28/1 342/29/1 343/30/1 348/31/1 349/32/1 350/33/1 353/34/1
f 343/30/8 347/35/8 348/31/8
f 378/36/9 372/37/9 377/38/9
f 495/39/10 496/40/10 497/41/10 498/42/10 499/43/10 500/44/10 501/45/10 502/46/10 503/47/10 492/48/10 493/49/10
f 529/50/10 530/51/10 519/52/10 520/53/10 521/54/10 522/55/10 523/56/10 524/57/10
f 607/58/11 608/59/11 623/60/11 600/61/11 601/62/11 605/63/11 606/64/11
f 698/65/12 699/66/12 701/67/12 702/68/12 691/69/12 692/70/12 696/71/12 697/72/12
f 990/73/13 23/74/13 22/75/13
f 959/76/14 27/77/14 950/78/14
f 137/79/15 947/80/15 963/81/15
f 50/82/16 938/83/16 960/84/16
f 495/39/17 493/49/17 494/85/17
f 113/86/18 913/87/18 923/88/18
f 99/89/19 957/90/19 1002/91/19
f 135/92/20 914/93/20 925/94/20
f 121/95/21 952/96/21 1000/97/21
f 1315/98/22 546/99/22 545/100/22
f 329/101/23 1245/102/23 1246/103/23
f 996/104/24 52/105/24 977/106/24
f 58/107/25 1024/108/25 1011/109/25
f 998/110/24 73/111/24 978/112/24
f 103/113/26 981/114/26 945/115/26
f 101/116/27 1019/117/27 1009/118/27
f 125/119/28 984/120/28 948/121/28
f 123/122/29 1015/123/29 1018/124/29
f 47/125/30 927/126/30 911/127/30
f 35/128/31 995/129/31 1023/130/31
f 964/131/32 54/132/32 986/133/32
f 45/134/33 964/131/33 937/135/33
f 68/136/30 928/137/30 912/138/30
f 57/139/34 997/140/34 1014/141/34
f 965/142/35 75/143/35 987/144/35
f 66/145/36 965/142/36 940/146/36
f 82/147/37 934/148/37 917/149/37
f 115/150/15 944/151/15 962/152/15
f 863/153/38 535/154/38 862/155/38
f 23/74/39 990/73/39 958/156/39
f 1011/157/40 59/158/40 58/159/40
f 609/160/41 1299/161/41 610/162/41
f 999/163/42 117/164/42 979/165/42
f 1001/166/42 139/167/42 980/168/42
f 256/169/43 1106/170/43 1117/171/43
f 50/82/44 919/172/44 938/83/44
f 71/173/45 920/174/45 941/175/45
f 112/176/46 922/177/46 913/87/46
f 100/178/47 1002/179/47 1019/117/47
f 967/180/48 119/181/48 988/182/48
f 110/183/49 967/180/49 943/184/49
f 134/185/50 924/186/50 914/93/50
f 122/187/51 1000/188/51 1015/123/51
f 968/189/52 141/190/52 989/191/52
f 132/192/53 968/189/53 946/193/53
f 977/194/54 51/195/54 960/84/54
f 59/158/55 1011/157/55 969/196/55
f 978/197/54 72/198/54 961/199/54
f 57/139/56 1014/141/56 1024/108/56
f 48/200/57 911/127/57 919/201/57
f 34/202/58 956/203/58 995/204/58
f 69/205/57 912/138/57 920/206/57
f 56/207/59 951/208/59 997/209/59
f 115/150/45 923/210/45 944/151/45
f 137/79/45 925/211/45 947/80/45
f 994/212/60 28/213/60 959/76/60
f 38/214/61 982/215/61 939/216/61
f 36/217/62 1023/130/62 1010/218/62
f 979/219/63 116/220/63 962/152/63
f 980/221/64 138/222/64 963/81/64
f 802/223/65 436/224/65 820/225/65
f 604/226/66 1334/227/66 1333/228/66
f 611/229/67 1292/230/67 612/231/67
f 617/232/68 1282/233/68 618/234/68
f 1071/235/69 275/236/69 1064/237/69
f 612/238/70 1292/239/70 1306/240/70
f 1317/241/71 622/242/71 621/243/71
f 292/244/72 1111/245/72 1124/246/72
f 313/247/73 1112/248/73 1126/249/73
f 96/250/74 954/251/74 1007/252/74
f 1104/253/75 318/254/75 317/255/75
f 1306/240/76 613/256/76 612/238/76
f 652/257/77 1248/258/77 1253/259/77
f 950/78/78 27/77/78 26/260/78
f 1061/261/79 192/262/79 1086/263/79
f 1072/264/80 296/265/80 1065/266/80
f 1069/267/81 210/268/81 1063/269/81
f 233/270/82 1100/271/82 1143/272/82
f 1129/273/83 244/274/83 1155/275/83
f 551/276/84 1249/277/84 552/278/84
f 71/173/16 941/175/16 961/199/16
f 1184/279/85 198/280/85 1197/281/85
f 993/282/86 29/283/86 994/284/86
f 22/285/87 1022/286/87 1017/287/87
f 549/288/88 1351/289/88 550/290/88
f 1189/291/89 186/292/89 1190/293/89
f 1130/294/90 288/295/90 1156/296/90
f 1132/297/91 309/298/91 1157/299/91
f 1239/300/92 1243/301/92 329/302/92
f 329/303/93 1241/304/93 1239/305/93
f 337/306/94 1056/307/94 1058/308/94
f 350/309/95 1206/310/95 351/311/95
f 1155/275/96 243/312/96 1163/313/96
f 1152/314/97 199/315/97 1159/316/97
f 227/317/98 1098/318/98 1138/319/98
f 248/320/99 1110/321/99 1123/322/99
f 610/323/100 1286/324/100 611/229/100
f 1116/325/101 1114/326/101 253/327/101
f 443/328/102 776/329/102 813/330/102
f 1242/331/103 330/332/103 1246/333/103
f 253/327/104 1114/326/104 1118/334/104
f 276/335/105 1071/336/105 1131/337/105
f 1156/296/106 287/338/106 1164/339/106
f 1157/299/107 308/340/107 1165/341/107
f 346/342/108 1204/343/108 347/344/108
f 368/345/109 739/346/109 369/347/109
f 765/348/110 372/349/110 731/350/110
f 366/351/111 838/352/111 837/353/111
f 824/354/112 397/355/112 796/356/112
f 395/357/113 807/358/113 777/359/113
f 639/360/114 1293/361/114 1345/362/114
f 732/363/115 409/364/115 716/365/115
f 825/366/112 419/367/112 801/368/112
f 816/369/116 434/370/116 788/371/116
f 467/372/117 786/373/117 753/374/117
f 475/375/118 759/376/118 476/377/118
f 488/378/117 787/379/117 755/380/117
f 724/381/119 474/382/119 714/383/119
f 506/384/120 887/385/120 888/386/120
f 84/387/121 918/388/121 935/389/121
f 383/390/122 792/391/122 384/392/122
f 761/393/123 433/394/123 432/395/123
f 817/396/124 464/397/124 826/398/124
f 720/399/125 452/400/125 715/401/125
f 818/402/124 485/403/124 819/404/124
f 853/405/126 524/406/126 852/407/126
f 260/408/1 261/409/1 262/410/1 268/411/1 269/412/1 270/413/1 271/414/1 272/415/1 257/416/1 258/417/1 259/418/1
f 401/419/127 797/420/127 783/421/127
f 403/422/128 750/423/128 741/424/128
f 405/425/129 771/426/129 396/427/129
f 423/428/127 798/429/127 785/430/127
f 425/431/128 751/432/128 742/433/128
f 427/434/130 778/435/130 418/436/130
f 826/398/131 462/437/131 804/438/131
f 460/439/132 803/440/132 780/441/132
f 819/404/133 483/442/133 805/443/133
f 382/444/134 749/445/134 763/446/134
f 718/447/135 386/448/135 730/449/135
f 745/450/136 385/451/136 777/359/136
f 880/452/137 505/453/137 881/454/137
f 546/99/138 1315/98/138 1389/455/138
f 187/456/139 188/457/139 189/458/139
f 315/459/140 1158/460/140 1139/461/140
f 553/462/141 1261/463/141 1274/464/141
f 746/465/142 388/466/142 722/467/142
f 399/468/143 797/420/143 400/469/143
f 405/425/144 762/470/144 771/426/144
f 757/471/145 410/472/145 732/473/145
f 421/474/143 798/429/143 422/475/143
f 716/365/146 408/476/146 721/477/146
f 427/434/147 774/478/147 778/435/147
f 738/479/148 406/480/148 769/481/148
f 466/482/149 799/483/149 786/373/149
f 468/484/150 753/485/150 743/486/150
f 470/487/151 779/488/151 461/489/151
f 487/490/149 800/491/149 787/379/149
f 489/492/152 755/493/152 744/494/152
f 491/495/153 781/496/153 482/497/153
f 388/466/154 746/465/154 389/498/154
f 410/472/155 757/471/155 411/499/155
f 820/225/156 435/500/156 816/501/156
f 715/401/157 451/502/157 733/503/157
f 758/504/158 450/505/158 780/441/158
f 759/376/159 475/375/159 724/506/159
f 505/507/160 885/508/160 887/509/160
f 268/510/161 1133/511/161 1179/512/161
f 378/513/162 782/514/162 764/515/162
f 402/516/163 783/421/163 750/517/163
f 424/518/164 785/430/164 751/519/164
f 433/394/165 788/371/165 434/370/165
f 748/520/166 453/521/166 720/522/166
f 464/523/167 799/483/167 465/524/167
f 470/487/168 752/525/168 779/488/168
f 485/526/167 800/491/167 486/527/167
f 491/495/169 754/528/169 781/496/169
f 735/529/170 471/530/170 772/531/170
f 504/532/171 878/533/171 879/534/171
f 374/535/172 841/536/172 839/537/172
f 814/538/124 399/539/124 824/354/124
f 722/540/173 387/541/173 718/447/173
f 815/542/124 421/543/124 825/366/124
f 453/521/174 748/520/174 454/544/174
f 588/545/175 1255/546/175 1252/547/175
f 1118/548/176 1105/549/176 254/550/176
f 1003/551/177 87/552/177 970/553/177
f 436/554/178 802/555/178 437/556/178
f 196/557/179 1198/558/179 1197/559/179
f 568/560/180 1250/561/180 1254/562/180
f 985/563/181 30/564/181 993/282/181
f 83/565/182 917/149/182 918/566/182
f 659/567/183 1294/568/183 1346/569/183
f 618/234/184 1264/570/184 619/571/184
f 782/514/185 377/572/185 808/573/185
f 570/574/186 1301/575/186 1321/576/186
f 632/577/187 1247/578/187 1263/579/187
f 1062/580/188 193/581/188 1061/261/188
f 381/582/189 740/583/189 749/584/189
f 608/585/190 1326/586/190 609/160/190
f 1422/587/191 696/588/191 695/589/191 1425/590/191
f 559/591/192 1308/592/192 560/593/192
f 634/594/193 1287/595/193 1324/596/193
f 665/597/194 1295/598/194 1319/599/194 1348/600/194 667/601/194 666/602/194
f 1390/603/195 679/604/195 1391/605/195
f 1261/463/196 552/278/196 1260/606/196
f 561/607/197 1321/576/197 1350/608/197
f 595/609/198 1291/610/198 1309/611/198
f 908/612/199 91/613/199 936/614/199
f 543/615/200 1259/616/200 1257/617/200
f 621/243/201 1272/618/201 1317/241/201
f 627/619/202 1339/620/202 628/621/202
f 624/622/203 1324/596/203 1362/623/203
f 95/624/204 954/251/204 96/250/204
f 771/625/205 762/626/205 741/627/205 750/628/205 783/629/205 797/630/205 814/631/205 824/632/205 796/633/205
f 763/634/205 749/635/205 740/636/205 764/637/205 782/638/205 808/639/205 792/640/205
f 756/641/205 806/642/205 773/643/205
f 837/644/205 5/645/205 7/646/205 717/647/205 739/648/205 766/649/205 827/650/205
f 774/651/205 742/652/205 751/653/205 785/654/205 798/655/205 815/656/205 825/657/205 801/658/205 778/659/205
f 752/660/205 743/661/205 753/662/205 786/663/205 799/664/205 817/665/205 826/666/205 804/667/205 779/668/205
f 754/669/205 744/670/205 755/671/205 787/672/205 800/673/205 818/674/205 819/675/205 805/676/205 781/677/205
f 850/678/205 10/679/205 12/680/205 869/681/205
f 883/682/206 884/683/206 881/684/206
f 886/685/207 882/686/207 885/687/207
f 738/688/205 746/689/205 722/690/205 721/691/205
f 728/692/205 767/693/205 757/694/205 732/695/205 716/696/205
f 791/697/205 795/698/205 872/699/205 877/700/205 876/701/205 723/702/205 712/703/205 737/704/205 736/705/205 849/706/205 858/707/205 873/708/205 875/709/205 871/710/205 888/711/205 887/712/205 885/687/205 882/686/205 880/713/205 881/684/205 884/683/205 879/714/205 878/715/205 874/716/205 857/717/205 848/718/205 851/719/205 866/720/205 864/721/205 861/722/205 867/723/205 853/724/205 863/725/205 862/726/205 868/727/205 870/728/205 865/729/205 860/730/205 859/731/205 869/681/205 12/680/205 5/645/205 837/644/205 838/732/205 833/733/205 828/734/205 839/735/205 841/736/205 765/737/205 731/738/205 717/647/205 7/646/205 719/739/205 727/740/205 728/692/205 716/696/205 721/691/205 722/690/205 718/741/205 730/742/205 745/743/205 777/744/205 807/745/205 832/746/205 844/747/205 835/748/205 809/749/205 789/750/205 746/689/205 738/688/205 769/751/205 821/752/205 830/753/205 843/754/205 834/755/205 810/756/205 784/757/205 757/694/205 767/693/205 823/758/205 840/759/205 846/760/205 813/761/205 776/762/205 780/763/205 803/764/205 831/765/205 845/766/205 836/767/205 811/768/205 790/769/205 748/770/205 720/771/205 714/772/205 735/773/205 772/774/205 822/775/205 829/776/205 842/777/205 847/778/205 812/779/205 773/643/205 806/642/205
f 8/780/208 4/781/208 3/782/208 7/783/208
f 776/762/205 729/784/205 734/785/205 747/786/205 768/787/205 793/788/205 802/789/205 820/790/205 816/791/205 788/792/205 761/793/205 760/794/205 770/795/205 719/739/205 7/646/205 10/679/205 850/678/205 854/796/205 863/725/205 853/724/205 852/797/205 856/798/205 855/799/205 851/719/205 848/718/205 713/800/205 712/703/205 723/702/205 725/801/205 726/802/205 794/803/205 775/804/205 756/641/205 773/643/205 759/805/205 724/806/205 714/772/205 720/771/205 715/807/205 733/808/205 758/809/205 780/763/205
f 6/810/209 8/811/209 7/646/209 5/645/209
f 8/812/210 6/813/210 2/814/210 4/815/210
f 4/816/211 2/817/211 1/818/211 3/819/211
f 2/820/212 6/821/212 5/822/212 1/823/212
f 16/824/213 15/825/213 11/826/213 12/827/213
f 3/819/214 1/818/214 1022/828/214 1025/829/214 971/830/214 896/831/214
f 966/832/214 985/833/214 993/834/214 994/835/214 959/836/214 950/837/214 933/838/214
f 919/839/214 911/840/214 927/841/214 937/842/214 964/843/214 986/844/214 996/845/214 977/846/214 960/847/214 938/848/214
f 920/849/214 912/850/214 928/851/214 940/852/214 965/853/214 987/854/214 998/855/214 978/856/214 961/857/214 941/858/214
f 923/859/214 913/860/214 922/861/214 943/862/214 967/863/214 988/864/214 999/865/214 979/866/214 962/867/214 944/868/214
f 925/869/214 914/870/214 924/871/214 946/872/214 968/873/214 989/874/214 1001/875/214 980/876/214 963/877/214 947/878/214
f 1029/879/214 1034/880/214 1026/881/214 1028/882/214
f 1/818/214 1019/883/214 1002/884/214 957/885/214 921/886/214 899/887/214 890/888/214 905/889/214 903/890/214 908/891/214 936/892/214 1006/893/214 1005/894/214 1003/895/214 970/896/214 935/897/214 918/898/214 917/899/214 934/900/214 955/901/214 976/902/214 975/903/214 972/904/214 1016/905/214 1008/906/214 1007/907/214 954/908/214 969/909/214 1011/910/214 1024/911/214 1014/912/214 1023/913/214 995/914/214 1017/915/214 1022/828/214
f 1037/916/214 1032/917/214 1045/918/214 1049/919/214 1053/920/214
f 1037/916/214 1040/921/214 1042/922/214 1038/923/214 1052/924/214 1050/925/214 1046/926/214 1053/920/214 1049/919/214 1020/927/214 1021/928/214 991/929/214 992/930/214 1055/931/214 1044/932/214 1033/933/214 1030/934/214 1034/880/214 1029/879/214 1004/935/214 1013/936/214 1012/937/214 973/938/214 974/939/214 983/940/214 932/941/214 949/942/214 953/943/214 1031/944/214 1028/882/214 1026/881/214 889/945/214 931/946/214 929/947/214 948/948/214 984/949/214 1018/950/214 1015/951/214 1/818/214 11/952/214 1054/953/214 1051/954/214 1048/955/214 1047/956/214 1035/957/214 1032/917/214
f 1043/958/214 1041/959/214 1039/960/214 9/961/214 3/819/214 896/831/214 930/962/214 900/963/214 895/964/214 958/965/214 990/966/214 1017/915/214 995/914/214 956/967/214 926/968/214 904/969/214 891/970/214 893/971/214 907/972/214 939/973/214 982/974/214 1010/975/214 1023/913/214 1014/912/214 997/976/214 951/977/214 916/978/214 898/979/214 892/980/214 902/981/214 909/982/214 942/983/214 969/909/214 954/908/214 915/984/214 901/985/214 905/889/214 890/888/214 894/986/214 906/987/214 945/988/214 981/989/214 1009/990/214 1019/883/214 1/818/214 1015/951/214 1000/991/214 952/992/214 910/993/214 897/994/214 889/945/214 1026/881/214 1027/995/214 1032/917/214 1035/957/214 1036/996/214
f 1054/953/214 11/952/214 9/961/214 1039/960/214
f 1090/997/215 1096/998/215 1127/999/215 1154/1000/215 1162/1001/215 1176/1002/215 1169/1003/215 1147/1004/215 1138/1005/215 1098/1006/215
f 1148/1007/215 1123/1008/215 1110/1009/215 1091/1010/215 1099/1011/215 1129/1012/215 1155/1013/215 1163/1014/215 1177/1015/215 1170/1016/215
f 1149/1017/215 1124/1018/215 1111/1019/215 1092/1020/215 1102/1021/215 1130/1022/215 1156/1023/215 1164/1024/215 1180/1025/215 1173/1026/215
f 1150/1027/215 1126/1028/215 1112/1029/215 1093/1030/215 1103/1031/215 1132/1032/215 1157/1033/215 1165/1034/215 1181/1035/215 1174/1036/215
f 1107/1037/215 1152/1038/215 1159/1039/215 1153/1040/215 1134/1041/215 1087/1042/215 1089/1043/215
f 5/822/215 1061/1044/215 1086/1045/215 1113/1046/215 1175/1047/215 1182/1048/215 1189/1049/215 1190/1050/215 1/823/215
f 1238/1051/216 1235/1052/216 1236/1053/216
f 1240/1054/217 1237/1055/217 1241/1056/217
f 1244/1057/215 1243/1058/215 1245/1059/215
f 1211/1060/215 1229/1061/215 1082/1062/215 1057/1063/215 1084/1064/215 1202/1065/215
f 1221/1066/215 1225/1067/215 1217/1068/215 1206/1069/215 1216/1070/215
f 1080/1071/215 1074/1072/215 1060/1073/215 1068/1074/215 1063/1075/215 1073/1076/215 1097/1077/215 1120/1078/215 1079/1079/215 1062/1080/215 1061/1044/215 5/822/215 1066/1081/215 1077/1082/215
f 1115/1083/218 1116/1084/218 1114/1085/218
f 1135/1086/215 1133/1087/215 1081/1088/215 1101/1089/215
f 1139/1090/215 1140/1091/215 1109/1092/215 1104/1093/215
f 1106/1094/215 1105/1095/215 1118/1096/215 1114/1085/215 1116/1084/215 1085/1097/215 1067/1098/215 1066/1081/215 5/822/215 12/827/215 1203/1099/215 1207/1100/215 1216/1070/215 1206/1069/215 1205/1101/215 1209/1102/215 1208/1103/215 1204/1104/215 1210/1105/215 1218/1106/215 1223/1107/215 1220/1108/215 1213/1109/215 1222/1110/215 1217/1068/215 1225/1067/215 1215/1111/215 1212/1112/215 1224/1113/215 1219/1114/215 11/826/215 1/823/215 1190/1050/215 1187/1115/215 1184/1116/215 1197/1117/215 1198/1118/215 1120/1078/215 1097/1077/215 1121/1119/215 1172/1120/215 1200/1121/215 1194/1122/215 1167/1123/215 1136/1124/215 1128/1125/215 1069/1126/215 1063/1075/215 1068/1074/215 1094/1127/215 1122/1128/215 1160/1129/215 1193/1130/215 1188/1131/215 1143/1132/215 1100/1133/215 1074/1072/215 1080/1071/215 1137/1134/215 1183/1135/215 1196/1136/215 1179/1137/215 1133/1087/215 1135/1086/215 1178/1138/215 1195/1139/215 1192/1140/215 1171/1141/215 1141/1142/215 1131/1143/215 1071/1144/215 1095/1145/215 1125/1146/215 1161/1147/215 1191/1148/215 1199/1149/215 1185/1150/215 1140/1091/215 1139/1090/215 1158/1151/215 1146/1152/215 1144/1153/215 1226/1154/215 1232/1155/215 1229/1061/215 1211/1060/215 1231/1156/215 1230/1157/215 1227/1158/215 1242/1159/215 1246/1160/215 1245/1059/215 1243/1058/215 1239/1161/215 1241/1056/215 1237/1055/215 1238/1051/215 1236/1053/215 1233/1162/215 1234/1163/215 1228/1164/215 1214/1165/215 1201/1166/215 1059/1167/215 1058/1168/215 1056/1169/215 1057/1063/215 1082/1062/215 1076/1170/215 1078/1171/215 1145/1172/215 1119/1173/215 1104/1093/215 1109/1092/215 1072/1174/215 1065/1175/215 1070/1176/215 1064/1177/215 1075/1178/215 1101/1089/215 1081/1088/215 1083/1179/215 1088/1180/215 1108/1181/215 1151/1182/215 1168/1183/215 1166/1184/215 1186/1185/215 1142/1186/215 1117/1187/215
f 1095/1145/215 1071/1144/215 1064/1177/215 1070/1176/215
f 1219/1114/215 1203/1099/215 12/827/215 11/826/215
f 1257/1188/219 7/783/219 3/782/219 1389/1189/219 1315/1190/219 1275/1191/219
f 1359/1192/219 1343/1193/219 1305/1194/219 1302/1195/219 1304/1196/219 1308/1197/219 1340/1198/219 1358/1199/219
f 1279/1200/219 1303/1201/219 1318/1202/219 1342/1203/219 1366/1204/219 1364/1205/219 1346/1206/219 1294/1207/219 1284/1208/219
f 1360/1209/219 1316/1210/219 1290/1211/219 1280/1212/219 1276/1213/219 1311/1214/219 1320/1215/219 1335/1216/219 1352/1217/219
f 1277/1218/219 1312/1219/219 1322/1220/219 1337/1221/219 1353/1222/219 1361/1223/219 1331/1224/219 1309/1225/219 1291/1226/219 1281/1227/219
f 1278/1228/219 1313/1229/219 1323/1230/219 1338/1231/219 1354/1232/219 1363/1233/219 1345/1234/219 1293/1235/219 1283/1236/219
f 1258/1237/220 1256/1238/220 1260/1239/220
f 1388/1240/219 1377/1241/219 1373/1242/219 1371/1243/219 1375/1244/219
f 1381/1245/219 1350/1246/219 1321/1247/219 1327/1248/219 1351/1249/219 1380/1250/219 1389/1189/219 3/782/219 1383/1251/219 1356/1252/219 1329/1253/219 1289/1254/219 1288/1255/219 1336/1256/219 1382/1257/219
f 1425/1258/219 1412/1259/219 1407/1260/219 1406/1261/219 1400/1262/219 1418/1263/219 1427/1264/219
f 1392/1265/221 1393/1266/221 1394/1267/221
f 1391/1268/219 1392/1265/219 1394/1267/219 1395/1269/219 1400/1262/219 1406/1261/219 1409/1270/219 1408/1271/219 1405/1272/219 1421/1273/219 1420/1274/219 1416/1275/219 1417/1276/219 1422/1277/219 1425/1258/219 1427/1264/219 1385/1278/219 1387/1279/219 9/1280/219 1424/1281/219 1423/1282/219 1419/1283/219 1415/1284/219 1413/1285/219 1403/1286/219 1414/1287/219 1410/1288/219 1404/1289/219 10/1290/219 7/783/219 1257/1188/219 1259/1291/219 1265/1292/219 1274/1293/219 1261/1294/219 1260/1239/219 1256/1238/219 1249/1295/219 1251/1296/219 1327/1248/219 1321/1247/219 1301/1297/219 1273/1298/219 1254/1299/219 1250/1300/219 1266/1301/219 1288/1255/219 1289/1254/219 1267/1302/219 1252/1303/219 1255/1304/219 1271/1305/219 1296/1306/219 1344/1307/219 1375/1244/219 1371/1243/219 1317/1308/219 1272/1309/219 1262/1310/219 1264/1311/219 1282/1312/219 1314/1313/219 1372/1314/219 1368/1315/219 1367/1316/219 1325/1317/219 1306/1318/219 1292/1319/219 1286/1320/219 1299/1321/219 1326/1322/219 1341/1323/219 1349/1324/219 1333/1325/219 1334/1326/219 1357/1327/219 1376/1328/219 1377/1241/219 1388/1240/219 1383/1251/219 3/782/219 1386/1329/219 1362/1330/219 1324/1331/219 1287/1332/219 1270/1333/219 1263/1334/219 1247/1335/219 1268/1336/219 1297/1337/219 1300/1338/219 1269/1339/219 1253/1340/219 1248/1341/219 1285/1342/219 1298/1343/219 1319/1344/219 1295/1345/219 1307/1346/219 1310/1347/219 1399/1348/219 1396/1349/219 1397/1350/219 1402/1351/219 1390/1352/219
f 1384/1353/219 1378/1354/219 1365/1355/219 1328/1356/219 1300/1338/219 1297/1337/219 1339/1357/219 1379/1358/219 1386/1329/219 3/782/219 9/1280/219 1387/1279/219 1355/1359/219 1426/1360/219 1411/1361/219 1401/1362/219 1398/1363/219 1402/1351/219 1397/1350/219 1369/1364/219 1374/1365/219 1370/1366/219 1332/1367/219 1330/1368/219 1348/1369/219 1319/1344/219 1298/1343/219 1347/1370/219
f 1424/1281/219 9/1280/219 10/1290/219 1404/1289/219
f 13/1371/222 15/1372/222 16/1373/222 14/1374/222
f 15/1375/223 13/1376/223 9/961/223 11/952/223
f 14/1377/224 16/1378/224 12/680/224 10/679/224
f 13/1379/225 14/1380/225 10/1290/225 9/1280/225
f 578/1381/226 579/1382/226 571/1383/226 572/1384/226 573/1385/226 574/1386/226 575/1387/226 566/1388/226 567/1389/226 568/1390/226 569/1391/226 570/1392/226 561/1393/226 562/1394/226 563/1395/226 564/1396/226 576/1397/226 577/1398/226
f 438/1399/10 439/1400/10 440/1401/10 441/1402/10 437/1403/10
f 65/1404/5 55/1405/5 56/1406/5 57/1407/5 58/1408/5 59/1409/5 60/1410/5 61/1411/5 62/1412/5 63/1413/5 69/1414/5 70/1415/5 71/1416/5 72/1417/5 73/1418/5 74/1419/5 75/1420/5 66/1421/5 67/1422/5 68/1423/5
f 63/1413/5 64/1424/5 65/1404/5 68/1423/5 69/1414/5
f 102/1425/5 116/1426/5 117/1427/5 101/1428/5
f 385/1429/10 386/1430/10 387/1431/10 388/1432/10 389/1433/10 390/1434/10 391/1435/10 400/1436/10 401/1437/10 402/1438/10 403/1439/10 404/1440/10 405/1441/10 396/1442/10
f 391/1435/10 392/1443/10 393/1444/10 394/1445/10 395/1446/10 385/1429/10 396/1442/10 397/1447/10 398/1448/10 399/1449/10 400/1436/10
f 375/1450/227 374/1451/227 839/1452/227
f 19/1453/5 20/1454/5 31/1455/5 32/1456/5 26/1457/5 25/1458/5 17/1459/5 18/1460/5
f 413/1461/10 414/1462/10 415/1463/10 420/1464/10 421/1465/10 422/1466/10 423/1467/10 424/1468/10 425/1469/10 426/1470/10 427/1471/10 406/1472/10 407/1473/10 408/1474/10 409/1475/10 410/1476/10 411/1477/10 412/1478/10
f 359/1479/1 360/1480/1 362/1481/1 363/1482/1 355/1483/1 356/1484/1 357/1485/1 358/1486/1
f 575/1387/228 576/1397/228 564/1396/228 565/1487/228 566/1388/228
f 121/1488/5 122/1489/5 141/1490/5 132/1491/5 133/1492/5 134/1493/5 135/1494/5 136/1495/5 137/1496/5 138/1497/5 139/1498/5 123/1499/5 124/1500/5 125/1501/5 126/1502/5 127/1503/5 128/1504/5 129/1505/5 130/1506/5 131/1507/5 120/1508/5
f 345/1509/229 346/1510/229 347/35/229 343/30/229 344/1511/229
f 525/1512/10 526/10/10 528/12/10
f 76/1513/5 77/1514/5 78/1515/5 79/1516/5 80/1517/5 81/1518/5 82/1519/5 83/1520/5 84/1521/5 85/1522/5 86/1523/5 87/1524/5 88/1525/5 89/1526/5 90/1527/5 91/1528/5 92/1529/5 93/1530/5 94/1531/5 95/1532/5 96/1533/5 97/1534/5
f 616/1535/228 613/1536/228 614/1537/228
f 615/1538/230 616/1535/230 614/1537/230
f 642/1539/12 643/1540/12 624/1541/12 625/1542/12 626/1543/12 627/1544/12 628/1545/12 629/1546/12 630/1547/12 631/1548/12 632/1549/12 633/1550/12 634/1551/12 635/1552/12 636/1553/12 637/1554/12 638/1555/12 639/1556/12 640/1557/12 641/1558/12
f 634/1551/12 624/1541/12 643/1540/12 635/1552/12
f 709/1559/12 710/1560/12 708/1561/12
f 768/1562/231 437/556/231 793/1563/231
f 469/1564/10 470/1565/10 461/1566/10 462/1567/10 463/1568/10 464/1569/10 465/1570/10 456/1571/10 457/1572/10 458/1573/10 459/1574/10 460/1575/10 450/1576/10 451/1577/10
f 451/1577/10 452/1578/10 453/1579/10 454/1580/10 455/1581/10 456/1571/10 465/1570/10 466/1582/10 467/1583/10 468/1584/10 469/1564/10
f 140/1585/5 141/1490/5 122/1489/5 123/1499/5 139/1498/5
f 50/1586/5 51/1587/5 39/1588/5 40/1589/5 41/1590/5 42/1591/5 43/1592/5 44/1593/5 33/1594/5 34/1595/5 45/1596/5 46/1597/5 47/1598/5 48/1599/5 49/1600/5
f 34/1595/5 35/1601/5 36/1602/5 37/1603/5 38/1604/5 39/1588/5 51/1587/5 52/1605/5 53/1606/5 54/1607/5 45/1596/5
f 191/1608/1 192/1609/1 193/1610/1 194/1611/1 200/1612/1 201/1613/1 202/1614/1 203/1615/1 204/1616/1 205/1617/1 206/1618/1 199/1619/1 198/1620/1 185/1621/1 186/1622/1
f 215/1623/232 216/1624/232 217/1625/232 207/1626/232 208/1627/232 209/1628/232 210/1629/232 224/1630/232 225/1631/232 226/1632/232 227/1633/232 218/1634/232 219/1635/232 220/1636/232 221/1637/232
f 248/1638/1 239/1639/1 240/1640/1 241/1641/1 242/1642/1 243/1643/1 244/1644/1 232/1645/1 233/1646/1 234/1647/1 235/1648/1 236/1649/1 237/1650/1 238/1651/1 228/1652/1 229/1653/1 230/1654/1 231/1655/1 246/1656/1 247/1657/1
f 245/1658/1 246/1656/1 231/1655/1 232/1645/1 244/1644/1
f 737/1659/233 712/1660/233 514/1661/233 513/1662/233
f 267/1663/1 268/1664/1 263/1665/1 264/1666/1 265/1667/1 266/1668/1
f 256/1669/229 257/416/229 272/415/229 249/1670/229 254/1671/229 255/1672/229
f 291/1673/1 292/1674/1 273/1675/1 274/1676/1 275/1677/1 276/1678/1 277/1679/1 278/1680/1 279/1681/1 280/1682/1 281/1683/1 283/1684/1 284/1685/1 285/1686/1 286/1687/1 287/1688/1 288/1689/1 289/1690/1 290/1691/1
f 292/1674/1 283/1684/1 281/1683/1 282/1692/1 273/1675/1
f 313/1/1 304/1693/1 293/1694/1 294/2/1
f 311/1695/229 312/1696/229 313/1/229 295/3/229 296/1697/229 297/1698/229 298/1699/229 299/1700/229 300/1701/229 301/1702/229 302/1703/229 303/1704/229 293/1694/229 304/1693/229 305/1705/229 306/1706/229 307/1707/229 308/1708/229 309/1709/229 310/1710/229
f 322/1711/1 323/1712/1 324/1713/1 325/1714/1 326/1715/1 327/1716/1 314/1717/1 315/1718/1 318/1719/1 319/1720/1 320/1721/1 321/1722/1
f 316/1723/234 317/1724/234 318/1719/234 315/1718/234
f 976/1725/235 80/1726/235 79/1727/235 975/1728/235
f 351/1729/236 352/1730/236 353/34/236 350/33/236
f 362/1481/1 360/1480/1 361/1731/1
f 373/1732/237 374/1733/237 375/1734/237
f 373/1732/238 375/1734/238 376/1735/238 377/1736/238 372/1737/238
f 368/1738/239 366/1739/239 367/1740/239
f 419/1741/10 420/1464/10 415/1463/10 416/1742/10 417/1743/10 406/1472/10 427/1471/10 418/1744/10
f 164/1745/240 163/1746/240 1021/1747/240 1020/1748/240
f 477/1749/10 478/1750/10 479/1751/10 480/1752/10 483/1753/10 484/1754/10 485/1755/10 486/1756/10
f 471/1757/10 472/1758/10 473/1759/10 474/1760/10 475/1761/10 476/1762/10 477/1749/10 486/1756/10 487/1763/10 488/1764/10 489/1765/10 490/1766/10 491/1767/10 482/1768/10 483/1753/10 480/1752/10 481/1769/10
f 512/1770/241 513/1771/241 514/1772/241 515/1773/241 516/1774/241 517/1775/241 518/1776/241 504/1777/241 505/1778/241 507/1779/241 508/1780/241 509/1781/241 510/1782/241 511/1783/241
f 428/1784/10 429/1785/10 430/1786/10 431/1787/10 432/1788/10 449/1789/10
f 539/1790/242 537/1791/242 538/1792/242
f 533/1793/10 534/1794/10 535/1795/10 536/1796/10 539/1790/10 540/1797/10 531/1798/10 532/1799/10
f 552/1800/243 550/1801/243 551/1802/243
f 584/1803/244 585/1804/244 595/1805/244
f 585/1804/244 586/1806/244 595/1805/244
f 586/1806/226 587/1807/226 588/1808/226 589/1809/226 590/1810/226 580/1811/226 581/1812/226 582/1813/226 583/1814/226 584/1803/226 596/1815/226 597/1816/226 598/1817/226 599/1818/226 591/1819/226 592/1820/226 593/1821/226 594/1822/226 595/1805/226
f 584/1803/245 595/1805/245 596/1815/245
f 648/1823/12 649/1824/12 650/1825/12 651/1826/12 652/1827/12 653/1828/12 654/1829/12 644/1830/12 645/1831/12 646/1832/12 647/1833/12 662/1834/12 663/1835/12 655/1836/12 656/1837/12 657/1838/12 658/1839/12 659/1840/12 660/1841/12 661/1842/12
f 647/1833/12 648/1823/12 661/1842/12 662/1834/12
f 1134/1843/246 1153/1844/246 206/1845/246 205/1846/246
f 368/1738/10 369/1847/10 370/1848/10 371/1849/10 372/1737/10 378/1850/10 379/1851/10 380/1852/10 381/1853/10 382/1854/10 383/1855/10 384/1856/10 377/1736/10 376/1735/10 364/1857/10 365/1858/10 366/1739/10
f 667/1859/247 665/1860/247 666/1861/247
f 684/1862/12 685/1863/12 686/1864/12 687/1865/12 688/1866/12 689/1867/12 690/1868/12 677/1869/12 678/1870/12 680/1871/12 681/1872/12 682/1873/12 683/1874/12
f 680/1871/248 678/1870/248 679/1875/248
f 694/1876/249 695/1877/249 696/71/249 692/70/249 693/1878/249
f 99/1879/5 100/1880/5 101/1428/5 117/1427/5 118/1881/5 119/1882/5 110/1883/5 111/1884/5 112/1885/5 113/1886/5 114/1887/5 115/1888/5 116/1426/5 102/1425/5 103/1889/5 104/1890/5 105/1891/5 106/1892/5 107/1893/5 108/1894/5 109/1895/5 98/1896/5
f 708/1561/12 710/1560/12 711/1897/12 703/1898/12 704/1899/12 705/1900/12 706/1901/12 707/1902/12
f 555/1903/12 553/1904/12 541/1905/12 542/1906/12 545/1907/12 546/1908/12 547/1909/12 548/1910/12 549/1911/12 550/1801/12 556/1912/12 557/1913/12 558/1914/12 559/1915/12 560/1916/12 554/1917/12
f 555/1903/11 556/1912/11 550/1801/11 552/1800/11 553/1904/11
f 1037/1918/250 169/1919/250 168/1920/250 1040/1921/250
f 1013/1922/251 1004/1923/251 149/1924/251 148/1925/251
f 40/1926/252 907/1927/252 893/1928/252 41/1929/252
f 104/1930/253 103/113/253 945/115/253
f 42/1931/254 891/1932/254 904/1933/254 43/1934/254
f 44/1935/255 926/1936/255 956/203/255 33/1937/255
f 47/125/256 46/1938/256 927/126/256
f 35/1939/257 34/202/257 995/204/257
f 61/1940/252 909/1941/252 902/1942/252 62/1943/252
f 126/1944/258 125/119/258 948/121/258
f 63/1945/254 892/1946/254 898/1947/254 64/1948/254
f 1402/1949/259 680/1950/259 679/1951/259 1390/1952/259
f 68/136/260 67/1953/260 928/137/260
f 57/1954/261 56/207/261 997/209/261
f 65/1955/255 916/1956/255 951/208/255 55/1957/255
f 1196/1958/262 1183/1959/262 270/1960/262 269/1961/262
f 994/284/263 29/283/263 28/1962/263
f 728/1963/264 449/1964/264 448/1965/264 767/1966/264
f 1060/1967/265 1074/1968/265 231/1969/265
f 93/1970/266 905/1971/266 901/1972/266 94/1973/266
f 553/462/267 552/278/267 1261/463/267
f 1137/1974/268 271/1975/268 270/1976/268 1183/1977/268
f 118/1978/269 999/163/269 988/1979/269 119/1980/269
f 979/219/270 117/1981/270 116/220/270
f 140/1982/269 1001/166/269 989/1983/269 141/1984/269
f 943/184/271 922/1985/271 111/1986/271
f 980/221/270 139/1987/270 138/222/270
f 1004/1988/272 1029/1989/272 150/1990/272 149/1991/272
f 946/193/271 924/1992/271 133/1993/271
f 547/1994/273 1389/1995/273 1380/1996/273 548/1997/273
f 498/1998/274 725/1999/274 723/2000/274 499/2001/274
f 537/2002/275 536/2003/275 854/2004/275 850/2005/275
f 1118/2006/276 254/2007/276 253/2008/276
f 1213/2009/277 354/2010/277 353/2011/277 1222/2012/277
f 795/2013/278 791/2014/278 492/2015/278 503/2016/278
f 193/581/279 192/262/279 1061/261/279
f 1025/2017/280 1022/286/280 21/2018/280 20/2019/280
f 88/2020/281 1003/2021/281 1005/2022/281
f 861/2023/282 864/2024/282 519/2025/282 530/2026/282
f 851/2027/283 521/2028/283 520/2029/283 866/2030/283
f 993/282/284 30/564/284 29/283/284
f 1341/2031/285 1326/586/285 608/585/285 607/2032/285
f 37/2033/286 36/217/286 1010/218/286
f 376/2034/287 375/1450/287 828/2035/287
f 539/1790/288 536/1796/288 537/1791/288
f 114/2036/289 113/86/289 923/88/289
f 136/2037/289 135/92/289 925/94/289
f 204/2038/290 203/2039/290 1087/2040/290
f 1020/2041/291 1049/2042/291 165/2043/291 164/2044/291
f 873/2045/292 509/2046/292 508/2047/292 875/2048/292
f 1408/2049/293 1409/2050/293 691/2051/293 702/2052/293
f 1052/2053/294 1038/2054/294 174/2055/294 173/2056/294
f 326/2057/295 1226/2058/295 1144/2059/295 327/2060/295
f 259/2061/296 1186/2062/296 1166/2063/296 260/2064/296
f 648/2065/297 1347/2066/297 1298/2067/297 649/2068/297
f 613/1536/12 616/1535/12 617/2069/12
f 618/2070/12 613/1536/12 617/2069/12
f 960/84/298 51/195/298 50/82/298
f 996/104/299 53/2071/299 52/105/299
f 961/199/300 72/198/300 71/173/300
f 998/110/299 74/2072/299 73/111/299
f 225/2073/301 224/2074/301 1090/2075/301
f 105/2076/252 906/2077/252 894/2078/252 106/2079/252
f 107/2080/254 890/2081/254 899/2082/254 108/2083/254
f 109/2084/302 921/2085/302 957/90/302 98/2086/302
f 112/176/303 111/2087/303 922/177/303
f 100/2088/304 99/89/304 1002/91/304
f 127/2089/252 929/2090/252 931/2091/252 128/2092/252
f 129/2093/254 889/2094/254 897/2095/254 130/2096/254
f 131/2097/302 910/2098/302 952/96/302 120/2099/302
f 134/185/303 133/2100/303 924/186/303
f 122/2101/304 121/95/304 1000/97/304
f 1006/2102/305 936/614/305 90/2103/305 89/2104/305
f 726/2105/306 725/2106/306 498/2107/306 497/2108/306
f 1274/2109/307 1265/2110/307 541/2111/307 553/2112/307
f 900/2113/308 25/2114/308 24/2115/308 895/2116/308
f 179/2117/309 178/2118/309 1035/2119/309 1047/2120/309
f 1375/2121/310 584/2122/310 583/2123/310 1388/2124/310
f 162/2125/311 991/2126/311 1021/2127/311 163/2128/311
f 550/290/312 1351/289/312 1327/2129/312
f 520/2130/313 519/2131/313 864/2132/313 866/2133/313
f 373/2134/314 372/349/314 765/348/314
f 156/2135/315 155/2136/315 1026/2137/315 1034/2138/315
f 1062/580/316 1079/2139/316 194/2140/316 193/581/316
f 514/2141/317 712/2142/317 713/2143/317 515/2144/317
f 770/2145/318 430/2146/318 429/2147/318 719/2148/318
f 949/2149/319 142/2150/319 153/2151/319 953/2152/319
f 1209/2153/320 1205/2154/320 350/2155/320 349/2156/320
f 958/156/321 895/2157/321 24/2158/321 23/74/321
f 1010/2159/322 982/215/322 37/2160/322
f 50/82/323 49/2161/323 919/172/323
f 71/173/323 70/2162/323 920/174/323
f 1345/362/324 1363/2163/324 641/2164/324 640/2165/324
f 813/2166/325 846/2167/325 444/2168/325 443/2169/325
f 605/2170/326 604/226/326 1333/228/326
f 83/565/327 82/147/327 917/149/327
f 1401/2171/328 1411/2172/328 683/2173/328 682/2174/328
f 494/2175/329 493/2176/329 806/2177/329 756/2178/329
f 102/2179/330 101/116/330 1009/118/330
f 124/2180/331 123/122/331 1018/124/331
f 686/2181/332 685/2182/332 1355/2183/332 1387/2184/332
f 1017/2185/333 990/73/333 22/75/333
f 1327/2129/334 1251/2186/334 551/2187/334 550/290/334
f 547/1994/335 546/2188/335 1389/1995/335
f 257/2189/336 256/169/336 1117/171/336
f 1349/2190/337 1341/2191/337 607/2192/337 606/2193/337
f 39/2194/338 939/216/338 907/1927/338 40/1926/338
f 41/2195/339 893/2196/339 891/1932/339 42/1931/339
f 43/2197/340 904/2198/340 926/1936/340 44/1935/340
f 48/200/341 47/125/341 911/127/341
f 36/217/342 35/128/342 1023/130/342
f 60/2199/343 942/2200/343 909/1941/343 61/1940/343
f 964/131/344 45/134/344 54/132/344
f 46/2201/345 45/134/345 937/135/345
f 34/202/346 33/1937/346 956/203/346
f 62/2202/339 902/2203/339 892/1946/339 63/1945/339
f 64/2204/340 898/2205/340 916/1956/340 65/1955/340
f 69/205/341 68/136/341 912/138/341
f 1204/2206/347 1208/2207/347 348/2208/347 347/2209/347
f 965/142/348 66/145/348 75/143/348
f 67/2210/349 66/145/349 940/146/349
f 56/207/350 55/1957/350 951/208/350
f 383/390/351 382/444/351 763/446/351
f 94/2211/352 901/2212/352 915/2213/352 95/624/352
f 1105/2214/353 1106/2215/353 256/2216/353 255/2217/353
f 962/152/354 116/220/354 115/150/354
f 999/163/355 118/1978/355 117/164/355
f 963/81/354 138/222/354 137/79/354
f 1001/166/356 140/1982/356 139/167/356
f 930/2218/357 17/2219/357 25/2220/357 900/2221/357
f 560/593/358 1308/592/358 1304/2222/358
f 1397/2223/359 1396/2224/359 674/2225/359 673/2226/359
f 1210/2227/360 1204/2228/360 346/2229/360 345/2230/360
f 92/2231/361 903/2232/361 905/1971/361 93/1970/361
f 38/214/362 37/2160/362 982/215/362
f 611/229/363 1286/324/363 1292/230/363
f 1215/2233/364 1225/2234/364 356/2235/364 355/2236/364
f 146/2237/365 973/2238/365 1012/2239/365 147/2240/365
f 869/2241/366 539/2242/366 538/2243/366 850/2244/366
f 1009/2245/367 981/114/367 102/2246/367
f 115/150/368 114/2247/368 923/210/368
f 1018/2248/369 984/120/369 124/2249/369
f 137/79/370 136/2250/370 925/211/370
f 437/556/371 802/555/371 793/1563/371
f 1332/2251/372 1370/2252/372 670/2253/372 669/2254/372
f 876/2255/373 500/2256/373 499/2257/373 723/2258/373
f 1316/2259/374 1360/2260/374 577/2261/374 576/2262/374
f 348/2263/375 1208/2264/375 1209/2265/375 349/2266/375
f 53/2071/376 996/104/376 986/2267/376 54/2268/376
f 977/194/377 52/2269/377 51/195/377
f 74/2072/376 998/110/376 987/2270/376 75/2271/376
f 937/135/378 927/2272/378 46/2201/378
f 978/197/377 73/2273/377 72/198/377
f 58/107/379 57/139/379 1024/108/379
f 1403/2274/380 704/2275/380 703/2276/380 1414/2277/380
f 940/146/378 928/2278/378 67/2210/378
f 370/2279/381 717/2280/381 731/2281/381 371/2282/381
f 955/2283/382 934/2284/382 82/2285/382 81/2286/382
f 104/1930/383 945/115/383 906/2077/383 105/2076/383
f 106/2287/339 894/2288/339 890/2081/339 107/2080/339
f 108/2289/340 899/2290/340 921/2085/340 109/2084/340
f 113/86/384 112/176/384 913/87/384
f 101/116/385 100/178/385 1019/117/385
f 126/1944/386 948/121/386 929/2090/386 127/2089/386
f 967/180/387 110/183/387 119/181/387
f 111/1986/388 110/183/388 943/184/388
f 99/89/389 98/2086/389 957/90/389
f 128/2291/339 931/2292/339 889/2094/339 129/2093/339
f 130/2293/340 897/2294/340 910/2098/340 131/2097/340
f 135/92/384 134/185/384 914/93/384
f 123/122/390 122/187/390 1015/123/390
f 366/2295/391 837/2296/391 827/2297/391 367/2298/391
f 968/189/392 132/192/392 141/190/392
f 133/1993/393 132/192/393 946/193/393
f 121/95/394 120/2099/394 952/96/394
f 507/1779/395 505/1778/395 506/2299/395
f 161/2300/396 992/2301/396 991/2302/396 162/2303/396
f 154/2304/397 1027/2305/397 1026/2306/397 155/2307/397
f 442/2308/10 443/2309/10 444/2310/10 445/2311/10 446/2312/10 447/2313/10 448/2314/10 449/1789/10 432/1788/10 433/2315/10 434/2316/10 435/2317/10 436/2318/10 437/1403/10 441/1402/10
f 874/2319/398 518/2320/398 517/2321/398 857/2322/398
f 176/2323/399 1043/2324/399 1036/2325/399 177/2326/399
f 359/2327/400 1207/2328/400 1203/2329/400 360/2330/400
f 798/429/401 423/428/401 422/475/401
f 49/2331/289 48/200/289 919/201/289
f 60/2199/402 59/158/402 969/196/402
f 70/2332/289 69/205/289 920/206/289
f 272/2333/403 1080/2334/403 1077/2335/403 249/2336/403
f 103/113/404 102/2246/404 981/114/404
f 125/119/405 124/2249/405 984/120/405
f 1416/2337/406 1420/2338/406 699/2339/406 698/2340/406
f 671/2341/12 672/2342/12 673/2343/12 674/2344/12 675/2345/12 676/2346/12 664/2347/12 665/1860/12 667/1859/12 668/2348/12 669/2349/12 670/2350/12
f 1080/2351/407 272/2352/407 271/1975/407 1137/1974/407
f 153/2353/5 142/2354/5 143/2355/5 144/2356/5 145/2357/5 146/2358/5 147/2359/5 148/2360/5 149/2361/5 150/2362/5 151/2363/5 152/2364/5
f 190/2365/408 1175/2366/408 1113/2367/408 191/2368/408
f 540/2369/409 539/2370/409 859/2371/409
f 628/621/410 1339/620/410 1297/2372/410 629/2373/410
f 708/2374/411 707/2375/411 1419/2376/411 1423/2377/411
f 229/2378/412 1094/2379/412 1068/2380/412 230/2381/412
f 217/2382/413 1172/2383/413 1121/2384/413 207/2385/413
f 212/2386/414 1128/2387/414 1136/2388/414 213/2389/414
f 455/2390/415 454/544/415 748/520/415 790/2391/415
f 1167/2392/416 1194/2393/416 215/2394/416 214/2395/416
f 238/2396/413 1160/2397/413 1122/2398/413 228/2399/413
f 1219/2400/417 1224/2401/417 362/2402/417 361/2403/417
f 1088/2404/418 1083/2405/418 265/2406/418 264/2407/418
f 1016/2408/419 972/2409/419 78/2410/419 77/2411/419
f 699/2412/420 1420/2413/420 1421/2414/420 700/2415/420
f 1013/2416/421 148/2417/421 147/2418/421 1012/2419/421
f 288/295/422 1130/294/422 1102/2420/422 289/2421/422
f 221/2422/423 220/2423/423 1176/2424/423 1162/2425/423
f 1201/2426/424 1214/2427/424 340/2428/424 339/2429/424
f 1149/2430/425 1173/2431/425 284/2432/425 283/2433/425
f 281/2434/426 1178/2435/426 1135/2436/426 282/2437/426
f 309/298/427 1132/297/427 1103/2438/427 310/2439/427
f 1194/2393/428 1200/2440/428 216/2441/428 215/2394/428
f 1150/2442/429 1174/2443/429 305/2444/429 304/2445/429
f 1213/2446/430 1220/2447/430 342/2448/430 354/2449/430
f 1360/2450/431 1352/2451/431 578/2452/431 577/2453/431
f 306/2454/432 1181/2455/432 1165/2456/432 307/2457/432
f 871/2458/433 507/2459/433 506/2460/433 888/2461/433
f 828/2462/434 833/2463/434 364/2464/434 376/2465/434
f 1427/2466/435 688/2467/435 687/2468/435 1385/2469/435
f 1105/549/436 255/2470/436 254/550/436
f 1047/2471/437 1048/2472/437 180/2473/437 179/2474/437
f 794/2475/438 496/2476/438 495/2477/438 775/2478/438
f 219/2479/439 1169/2480/439 1176/2424/439 220/2423/439
f 91/613/440 908/612/440 903/2481/440 92/2482/440
f 1067/2483/441 1085/2484/441 252/2485/441 251/2486/441
f 356/2487/442 1225/2488/442 1221/2489/442 357/2490/442
f 820/225/443 436/224/443 435/500/443
f 1399/2491/444 1310/2492/444 676/2493/444 675/2494/444
f 1109/2495/445 1140/2496/445 299/2497/445 298/2498/445
f 268/510/446 267/2499/446 1133/511/446
f 1102/2500/447 1092/2501/447 290/2502/447 289/2503/447
f 276/2504/448 275/236/448 1071/235/448
f 240/2505/449 1170/2506/449 1177/2507/449 241/2508/449
f 1171/2509/450 1192/2510/450 279/2511/450 278/2512/450
f 313/2513/451 312/2514/451 1112/2515/451
f 297/2516/452 296/265/452 1072/264/452
f 1051/2517/453 1054/2518/453 182/2519/453 181/2520/453
f 292/2521/454 291/2522/454 1111/2523/454
f 174/2524/455 1038/2525/455 1042/2526/455 175/2527/455
f 338/2528/456 337/306/456 1058/308/456 1059/2529/456
f 976/2530/457 955/2283/457 81/2286/457 80/2531/457
f 412/2532/415 411/499/415 757/471/415 784/2533/415
f 854/2534/458 536/2535/458 535/154/458 863/153/458
f 1202/2536/459 1084/2537/459 336/2538/459 335/2539/459
f 294/2540/412 1095/2541/412 1070/2542/412 295/2543/412
f 971/2544/460 1025/2545/460 20/2546/460 19/2547/460
f 325/2548/461 1232/2549/461 1226/2550/461 326/2551/461
f 1310/2552/462 1307/2553/462 664/2554/462 676/2555/462
f 975/2556/463 79/2557/463 78/2558/463 972/2559/463
f 701/2560/464 1405/2561/464 1408/2562/464 702/2563/464
f 1079/2564/465 1120/2565/465 195/2566/465 194/2567/465
f 559/591/466 1340/2568/466 1308/592/466
f 167/2569/467 1032/2570/467 1027/2571/467 154/2572/467
f 1265/2573/468 1259/2574/468 542/2575/468
f 332/2576/469 1230/2577/469 1231/2578/469 333/2579/469
f 1398/2580/470 681/2581/470 680/2582/470 1402/2583/470
f 1400/2584/471 1395/2585/471 677/2586/471 690/2587/471
f 222/2588/472 1154/2589/472 1127/2590/472 223/2591/472
f 190/2365/473 189/2592/473 1175/2366/473
f 1138/319/474 1147/2593/474 218/2594/474 227/317/474
f 236/2595/475 235/2596/475 1188/2597/475
f 216/2441/476 1200/2440/476 1172/2598/476 217/2599/476
f 1123/322/477 1148/2600/477 239/2601/477 248/320/477
f 584/2602/478 1344/2603/478 1296/2604/478 585/2605/478
f 1185/2606/479 1199/2607/479 301/2608/479 300/2609/479
f 303/2610/480 1161/2611/480 1125/2612/480 293/2613/480
f 1143/272/481 1188/2614/481 235/2615/481
f 1044/2616/482 1055/2617/482 160/2618/482 159/2619/482
f 1421/2620/483 1405/2621/483 701/2622/483 700/2623/483
f 1359/2624/484 1358/2625/484 558/2626/484 557/2627/484
f 765/348/485 841/2628/485 374/2629/485 373/2134/485
f 390/2630/415 389/498/415 746/465/415 789/2631/415
f 337/2632/486 1057/2633/486 1056/2634/486
f 362/2635/487 1224/2636/487 1212/2637/487 363/2638/487
f 84/2639/488 83/565/488 918/566/488
f 1189/2640/489 1182/2641/489 188/2642/489 187/2643/489
f 1325/2644/490 1367/2645/490 614/2646/490
f 189/2592/491 1182/2641/491 1175/2366/491
f 274/2647/492 1075/2648/492 1064/237/492 275/236/492
f 234/2649/493 233/270/493 1143/272/493
f 1008/2650/494 1016/2651/494 77/2652/494 76/2653/494
f 525/1512/17 528/12/17 529/50/17 524/57/17
f 1003/2021/495 88/2020/495 87/2654/495
f 1117/171/496 1142/2655/496 258/2656/496 257/2189/496
f 1099/2657/497 1091/2658/497 246/2659/497 245/2660/497
f 232/2661/498 231/1969/498 1074/1968/498
f 1413/2662/499 1415/2663/499 706/2664/499 705/2665/499
f 227/2666/500 226/2667/500 1098/2668/500
f 284/2669/501 1173/2670/501 1180/2671/501 285/2672/501
f 1096/2673/502 1090/2075/502 224/2074/502
f 1417/2674/503 697/2675/503 696/588/503 1422/587/503
f 329/2676/504 328/4/504 1233/6/504
f 30/2677/505 985/2678/505 966/2679/505 31/2680/505
f 1152/314/506 200/2681/506 199/315/506
f 1228/2682/507 1234/2683/507 328/2684/507 341/2685/507
f 848/2686/508 516/2687/508 515/2688/508 713/2689/508
f 329/2676/509 1237/2690/509 1241/2691/509
f 969/196/510 942/2200/510 60/2199/510
f 159/2692/511 158/2693/511 1033/2694/511 1044/2695/511
f 154/2696/5 155/2697/5 156/2698/5 157/2699/5 158/2700/5 159/2701/5 160/2702/5 161/2703/5 162/2704/5 163/2705/5 164/2706/5 165/2707/5 166/2708/5 167/2709/5
f 768/1562/512 747/2710/512 439/2711/512 438/2712/512
f 263/2713/513 1108/2714/513 1088/2715/513 264/2716/513
f 368/345/514 766/2717/514 739/346/514
f 545/1907/515 542/1906/515 543/2718/515
f 959/76/516 28/213/516 27/77/516
f 198/280/517 197/2719/517 1197/281/517
f 320/2720/518 1145/2721/518 1078/2722/518 321/2723/518
f 207/2385/519 1121/2384/519 1097/2724/519 208/2725/519
f 228/2399/519 1122/2398/519 1094/2379/519 229/2378/519
f 1163/313/520 243/312/520 242/2726/520
f 1231/2727/521 1211/2728/521 334/2729/521 333/2730/521
f 1367/2731/522 1368/2732/522 615/2733/522 614/2734/522
f 1113/2367/523 1086/2735/523 191/2368/523
f 1124/246/524 1149/2430/524 283/2433/524 292/244/524
f 237/2736/525 1193/2737/525 1160/2738/525 238/2739/525
f 1126/249/526 1150/2442/526 304/2445/526 313/247/526
f 172/2740/527 171/2741/527 1046/2742/527 1050/2743/527
f 168/2744/5 169/2745/5 170/2746/5 171/2747/5 172/2748/5 173/2749/5 174/2750/5 175/2751/5
f 865/2752/528 870/2753/528 533/2754/528 532/2755/528
f 357/2756/529 1221/2757/529 1216/2758/529 358/2759/529
f 443/328/530 442/2760/530 776/329/530
f 26/2761/531 32/2762/531 933/2763/531 950/2764/531
f 1376/2765/532 1357/2766/532 603/2767/532 602/2768/532
f 1391/605/533 679/604/533 678/2769/533
f 1136/2388/534 1167/2770/534 214/2771/534 213/2389/534
f 1197/281/535 197/2719/535 196/2772/535
f 1189/2640/536 187/2643/536 186/2773/536
f 1069/2774/537 1128/2387/537 212/2386/537 211/2775/537
f 221/2776/538 1162/2777/538 1154/2589/538 222/2588/538
f 1364/2778/539 1366/2779/539 662/2780/539 661/2781/539
f 285/2672/540 1180/2671/540 1164/2782/540 286/2783/540
f 1382/2784/541 563/2785/541 562/2786/541 1381/2787/541
f 1074/2788/542 1100/271/542 233/270/542 232/2789/542
f 267/2499/543 266/2790/543 1081/2791/543 1133/511/543
f 382/2792/544 381/582/544 749/584/544
f 208/2725/545 1097/2724/545 1073/2793/545 209/2794/545
f 209/2795/546 1073/2796/546 1063/269/546 210/268/546
f 526/2797/547 867/2798/547 528/2799/547
f 282/2437/548 1135/2436/548 1101/2800/548 273/2801/548
f 230/2802/549 1068/2803/549 1060/1967/549 231/1969/549
f 573/2804/550 1276/2805/550 1280/2806/550 574/2807/550
f 862/155/551 535/154/551 534/2808/551
f 1392/2809/552 1391/605/552 678/2769/552 1394/2810/552
f 338/2811/553 1059/2812/553 1201/2813/553 339/2814/553
f 1264/2815/554 1262/2816/554 620/2817/554 619/2818/554
f 1245/2819/555 329/2820/555 1243/2821/555
f 533/2822/556 870/2823/556 868/2824/556 534/2825/556
f 322/2826/557 1076/2827/557 1082/2828/557 323/2829/557
f 334/2830/558 1211/2831/558 1202/2832/558 335/2833/558
f 1317/241/559 1371/2834/559 623/2835/559 622/242/559
f 223/2591/560 1127/2590/560 1096/2836/560 224/2837/560
f 1192/2510/561 1195/2838/561 280/2839/561 279/2511/561
f 1147/2593/562 1169/2840/562 219/2841/562 218/2594/562
f 244/274/563 1129/273/563 1099/2842/563 245/2843/563
f 1199/2607/564 1191/2844/564 302/2845/564 301/2608/564
f 1148/2600/562 1170/2846/562 240/2847/562 239/2601/562
f 859/2848/565 860/2849/565 531/2850/565 540/2851/565
f 523/2852/566 856/2853/566 852/2854/566 524/2855/566
f 293/2613/567 1125/2612/567 1095/2541/567 294/2540/567
f 1164/339/568 287/338/568 286/2856/568
f 1165/341/569 308/340/569 307/2857/569
f 932/2858/570 143/2859/570 142/2860/570 949/2861/570
f 1406/2862/571 1407/2863/571 693/2864/571 692/2865/571
f 358/2759/572 1216/2758/572 1207/2866/572 359/2867/572
f 316/2868/573 315/459/573 1139/461/573
f 701/67/515 699/66/515 700/2869/515
f 1277/2870/574 593/2871/574 592/2872/574 1312/2873/574
f 331/2874/575 330/2875/575 1242/2876/575 1227/2877/575
f 1184/2878/576 1187/2879/576 185/2880/576 198/2881/576
f 1203/2882/577 1219/2883/577 361/2884/577 360/2885/577
f 1142/2655/578 1186/2886/578 259/2887/578 258/2656/578
f 235/2615/579 234/2649/579 1143/272/579
f 1141/2888/580 1171/2889/580 278/2890/580 277/2891/580
f 1140/2496/581 1185/2892/581 300/2893/581 299/2497/581
f 1072/2894/582 1109/2495/582 298/2498/582 297/2895/582
f 340/2896/583 1214/2897/583 1228/2898/583 341/2899/583
f 1385/2900/584 687/2901/584 686/2902/584 1387/2903/584
f 849/2904/585 511/2905/585 510/2906/585 858/2907/585
f 1410/2908/586 1414/2909/586 703/2910/586 711/2911/586
f 211/2912/587 210/268/587 1069/267/587
f 206/2913/588 1153/2914/588 1159/2915/588 199/2916/588
f 1035/2917/589 178/2918/589 177/2919/589 1036/2920/589
f 809/2921/590 835/2922/590 392/2923/590 391/2924/590
f 22/285/591 21/2018/591 1022/286/591
f 869/2925/592 859/2371/592 539/2370/592
f 844/2926/593 832/2927/593 394/2928/593 393/2929/593
f 810/2930/590 834/2931/590 414/2932/590 413/2933/590
f 843/2934/594 830/2935/594 416/2936/594 415/2937/594
f 821/2938/595 769/481/595 406/480/595 417/2939/595
f 407/2940/596 738/479/596 721/2941/596
f 1182/2641/597 189/2592/597 188/2642/597
f 1041/2942/598 184/2943/598 183/2944/598 1039/2945/598
f 1370/2946/599 1374/2947/599 671/2948/599 670/2949/599
f 743/486/600 752/2950/600 469/2951/600 468/484/600
f 826/398/601 464/397/601 463/2952/601
f 744/494/600 754/2953/600 490/2954/600 489/492/600
f 804/2955/602 462/2956/602 461/489/602
f 819/404/601 485/403/601 484/2957/601
f 1087/2958/603 1134/1843/603 205/1846/603 204/2959/603
f 805/2960/604 483/2961/604 482/497/604
f 735/529/605 472/2962/605 471/530/605
f 1157/299/606 309/298/606 308/340/606
f 254/1671/234 250/2963/234 251/2964/234 252/2965/234 253/2966/234
f 1426/2967/607 684/2968/607 683/2969/607 1411/2970/607
f 543/615/608 542/2971/608 1259/616/608
f 853/2972/609 867/2798/609 525/2973/609 524/2974/609
f 441/2975/610 440/2976/610 734/2977/610 729/2978/610
f 1369/2979/611 672/2980/611 671/2981/611 1374/2982/611
f 873/2983/612 858/2984/612 510/2985/612 509/2986/612
f 1262/2816/613 1272/2987/613 621/2988/613 620/2817/613
f 617/232/614 1314/2989/614 1282/233/614
f 332/2990/615 331/2991/615 1227/2992/615 1230/2993/615
f 1007/2994/616 1008/2995/616 76/2996/616 97/2997/616
f 1293/2998/617 639/2999/617 638/3000/617 1283/3001/617
f 722/540/618 388/3002/618 387/541/618
f 403/422/619 402/3003/619 750/423/619
f 732/363/620 410/3004/620 409/364/620
f 425/431/619 424/3005/619 751/432/619
f 1340/3006/621 559/3007/621 558/2626/621 1358/2625/621
f 840/3008/622 823/3009/622 446/3010/622 445/3011/622
f 733/3012/623 451/3013/623 450/505/623 758/504/623
f 160/3014/624 1055/3015/624 992/3016/624 161/3017/624
f 476/377/625 759/376/625 773/3018/625
f 319/3019/626 1119/3020/626 1145/3021/626 320/3022/626
f 383/390/627 763/446/627 792/391/627
f 184/3023/628 1041/3024/628 1043/2324/628 176/2323/628
f 1229/3025/629 1232/3026/629 325/3027/629 324/3028/629
f 305/3029/630 1174/3030/630 1181/2455/630 306/2454/630
f 856/3031/631 523/3032/631 522/3033/631 855/3034/631
f 970/553/632 87/552/632 86/3035/632
f 145/3036/633 144/3037/633 983/3038/633 974/3039/633
f 1336/3040/634 564/3041/634 563/2785/634 1382/2784/634
f 449/3042/635 728/3043/635 727/3044/635 428/3045/635
f 493/3046/636 492/3047/636 791/3048/636 806/3049/636
f 1104/3050/637 1119/3051/637 319/3052/637 318/3053/637
f 794/3054/638 726/3055/638 497/3056/638 496/3057/638
f 365/3058/639 364/2464/639 833/2463/639
f 1302/3059/640 554/3060/640 560/3061/640 1304/3062/640
f 824/354/641 398/3063/641 397/355/641
f 405/3064/642 404/3065/642 762/3066/642
f 385/451/643 395/357/643 777/359/643
f 825/366/644 420/3067/644 419/367/644
f 721/477/645 408/476/645 407/3068/645
f 427/3069/646 426/3070/646 774/3071/646
f 811/3072/590 836/3073/590 457/3074/590 456/3075/590
f 816/501/647 435/500/647 434/3076/647
f 797/420/648 401/419/648 400/469/648
f 845/3077/594 831/3078/594 459/3079/594 458/3080/594
f 812/3081/590 847/3082/590 478/3083/590 477/3084/590
f 1156/296/649 288/295/649 287/338/649
f 799/483/650 466/482/650 465/524/650
f 842/3085/594 829/3086/594 480/3087/594 479/3088/594
f 822/3089/651 772/531/651 471/530/651 481/3090/651
f 472/3091/652 735/3092/652 714/383/652
f 273/2801/653 1101/2800/653 1075/3093/653 274/3094/653
f 1218/3095/654 1210/2227/654 345/2230/654 344/3096/654
f 881/454/655 505/453/655 884/3097/655
f 1212/3098/656 1215/3099/656 355/3100/656 363/3101/656
f 896/3102/657 18/3103/657 17/3104/657 930/3105/657
f 280/2839/658 1195/2838/658 1178/3106/658 281/3107/658
f 681/3108/659 1398/3109/659 1401/3110/659 682/3111/659
f 399/468/660 814/3112/660 797/420/660
f 421/474/661 815/3113/661 798/429/661
f 720/399/662 453/3114/662 452/400/662
f 468/484/663 467/3115/663 753/485/663
f 489/492/663 488/3116/663 755/493/663
f 603/3117/515 604/3118/515 605/63/515 601/62/515 602/3119/515
f 1066/3120/664 250/3121/664 249/3122/664 1077/3123/664
f 1315/98/665 545/100/665 544/3124/665 1275/3125/665
f 384/3126/666 792/3127/666 808/3128/666 377/3129/666
f 880/3130/667 882/3131/667 505/3132/667
f 1053/3133/668 170/3134/668 169/3135/668 1037/3136/668
f 324/3137/669 323/3138/669 1082/3139/669 1229/3140/669
f 789/2631/670 809/3141/670 391/3142/670 390/2630/670
f 835/2922/671 844/2926/671 393/2929/671 392/2923/671
f 832/3143/672 807/358/672 395/357/672 394/3144/672
f 784/2533/673 810/3145/673 413/3146/673 412/2532/673
f 396/427/674 771/426/674 796/3147/674
f 834/2931/671 843/2934/671 415/2937/671 414/2932/671
f 830/3148/675 821/2938/675 417/2939/675 416/3149/675
f 1330/3150/676 668/3151/676 667/3152/676 1348/3153/676
f 418/436/677 778/435/677 801/3154/677
f 173/3155/678 172/3156/678 1050/3157/678 1052/3158/678
f 352/3159/679 351/3160/679 1206/3161/679 1217/3162/679
f 433/394/680 761/393/680 788/371/680
f 826/398/681 463/2952/681 462/437/681
f 470/3163/682 469/2951/682 752/2950/682
f 450/505/683 460/439/683 780/441/683
f 724/381/684 475/3164/684 474/382/684
f 819/404/685 484/2957/685 483/442/685
f 714/383/686 473/3165/686 472/3091/686
f 491/3166/687 490/2954/687 754/2953/687
f 221/1637/688 222/3167/688 223/3168/688 224/1630/688 210/1629/688 211/3169/688 212/3170/688 213/3171/688 214/3172/688 215/1623/688
f 932/3173/689 983/3174/689 144/3175/689 143/3176/689
f 1078/3177/690 1076/3178/690 322/3179/690 321/3180/690
f 885/508/691 505/507/691 882/3181/691
f 1028/3182/692 1031/3183/692 152/3184/692 151/3185/692
f 335/3186/229 336/3187/229 337/3188/229 338/3189/229 339/3190/229 340/3191/229 341/3192/229 328/3193/229 329/3194/229 331/3195/229 332/3196/229 333/3197/229 334/3198/229
f 1040/3199/693 168/3200/693 175/3201/693 1042/3202/693
f 850/3203/694 538/3204/694 537/3205/694
f 501/3206/695 877/3207/695 872/3208/695 502/3209/695
f 1141/2888/696 277/2891/696 276/335/696 1131/337/696
f 708/3210/697 1423/3211/697 1424/3212/697 709/3213/697
f 402/516/698 401/419/698 783/421/698
f 718/447/699 387/541/699 386/448/699
f 424/518/698 423/428/698 785/430/698
f 716/365/700 409/364/700 408/476/700
f 823/3214/701 767/1966/701 447/3215/701 446/3216/701
f 936/614/702 91/613/702 90/2103/702
f 464/523/661 817/3217/661 799/483/661
f 485/526/703 818/3218/703 800/491/703
f 165/3219/704 1049/3220/704 1045/3221/704 166/3222/704
f 618/2070/515 619/3223/515 620/3224/515 621/3225/515 622/3226/515 623/60/515 608/59/515 609/3227/515 610/3228/515 611/3229/515 612/3230/515 613/1536/515
f 1400/3231/705 690/3232/705 689/3233/705 1418/3234/705
f 879/534/706 884/3097/706 505/453/706 504/532/706
f 1416/3235/707 698/3236/707 697/3237/707 1417/3238/707
f 1290/3239/708 1316/2259/708 576/2262/708 575/3240/708
f 848/3241/709 857/3242/709 517/3243/709 516/3244/709
f 1254/562/710 1273/3245/710 569/3246/710 568/560/710
f 182/3247/711 1054/3248/711 1039/3249/711 183/3250/711
f 827/2297/712 766/2717/712 368/345/712 367/2298/712
f 741/424/713 762/3066/713 404/3065/713 403/422/713
f 824/354/714 399/539/714 398/3063/714
f 742/433/713 774/3071/713 426/3070/713 425/431/713
f 796/3147/715 397/3251/715 396/427/715
f 825/366/714 421/543/714 420/3067/714
f 846/2167/716 840/3008/716 445/3011/716 444/2168/716
f 801/3154/717 419/3252/717 418/436/717
f 738/479/718 407/2940/718 406/480/718
f 790/2391/673 811/3253/673 456/3254/673 455/2390/673
f 836/3073/671 845/3077/671 458/3080/671 457/3074/671
f 831/3255/672 803/440/672 460/439/672 459/3256/672
f 773/3018/719 812/3257/719 477/3258/719 476/377/719
f 461/489/720 779/488/720 804/2955/720
f 847/3082/671 842/3085/671 479/3088/671 478/3083/671
f 829/3259/675 822/3089/675 481/3090/675 480/3260/675
f 507/3261/721 871/3262/721 875/3263/721 508/3264/721
f 482/497/722 781/496/722 805/2960/722
f 197/3265/723 195/3266/723 196/3267/723
f 1093/3268/724 1112/2515/724 312/2514/724 311/3269/724
f 860/2849/725 865/3270/725 532/3271/725 531/2850/725
f 867/3272/726 861/3273/726 529/3274/726
f 180/2473/727 1048/2472/727 1051/3275/727 181/3276/727
f 730/3277/728 386/3278/728 385/451/728 745/450/728
f 1086/2735/729 192/3279/729 191/2368/729
f 855/3280/730 522/3281/730 521/3282/730 851/3283/730
f 1144/3284/731 1146/3285/731 314/3286/731 327/3287/731
f 467/372/732 466/482/732 786/373/732
f 715/401/733 452/400/733 451/502/733
f 488/378/734 487/490/734 787/379/734
f 714/383/735 474/382/735 473/3165/735
f 593/3288/550 1277/3289/550 1281/3290/550 594/3291/550
f 529/3292/736 528/3293/736 867/3294/736
f 601/3295/737 1377/3296/737 1376/3297/737 602/3298/737
f 1426/3299/738 1355/3300/738 685/3301/738 684/3302/738
f 764/3303/739 740/583/739 380/3304/739 379/3305/739
f 438/2712/740 437/556/740 768/1562/740
f 971/2544/741 19/2547/741 18/3306/741 896/3307/741
f 157/3308/742 156/3309/742 1034/3310/742 1030/3311/742
f 261/3312/743 1168/3313/743 1151/3314/743 262/3315/743
f 1351/3316/744 549/3317/744 548/1997/744 1380/1996/744
f 1346/569/745 1364/3318/745 661/3319/745 660/3320/745
f 1248/258/746 651/3321/746 650/3322/746 1285/3323/746
f 614/2646/747 613/256/747 1325/2644/747
f 1278/3324/574 637/3325/574 636/3326/574 1313/3327/574
f 1146/3328/748 1158/3329/748 315/3330/748 314/3331/748
f 1217/3332/749 1222/3333/749 353/3334/749 352/3335/749
f 849/3336/750 736/3337/750 512/3338/750 511/3339/750
f 542/2575/751 541/292/751 1265/2573/751
f 618/234/752 1282/233/752 1264/570/752
f 330/3340/753 329/101/753 1246/103/753
f 1151/3341/754 1108/2714/754 263/2713/754 262/3342/754
f 966/2679/755 933/3343/755 32/3344/755 31/2680/755
f 637/3345/756 1278/3346/756 1283/3001/756 638/3000/756
f 1384/3347/757 647/3348/757 646/3349/757 1378/3350/757
f 1092/2501/758 1111/2523/758 291/2522/758 290/2502/758
f 1323/3351/759 635/3352/759 643/3353/759 1338/3354/759
f 1270/3355/760 1287/595/760 634/594/760 633/3356/760
f 657/3357/756 1279/3358/756 1284/3359/756 658/3360/756
f 1361/3361/431 1353/3362/431 598/3363/431 597/3364/431
f 1328/3365/761 1365/3366/761 645/3367/761 644/3368/761
f 1318/3369/762 655/3370/762 663/3371/762 1342/3372/762
f 1269/3373/763 1300/3374/763 654/3375/763 653/3376/763
f 747/3377/764 734/3378/764 440/3379/764 439/3380/764
f 1427/3381/765 1418/3382/765 689/3383/765 688/3384/765
f 665/3385/766 664/3386/766 1307/3387/766 1295/3388/766
f 86/3035/767 85/3389/767 935/389/767 970/553/767
f 1155/275/768 244/274/768 243/312/768
f 317/3390/769 316/3391/769 1139/3392/769 1104/3393/769
f 1263/579/770 1270/3394/770 633/3395/770 632/577/770
f 1403/3396/771 1413/3397/771 705/3398/771 704/3151/771
f 776/329/772 442/2760/772 441/3399/772 729/3400/772
f 378/513/773 377/572/773 782/514/773
f 1396/3401/774 1399/3402/774 675/3403/774 674/3404/774
f 248/3405/775 247/3406/775 1110/3407/775
f 502/3408/776 872/3409/776 795/3410/776 503/3411/776
f 1347/3412/777 648/3413/777 647/3348/777 1384/3347/777
f 1365/3414/778 1378/3350/778 646/3349/778 645/3415/778
f 1294/3416/779 659/3417/779 658/3360/779 1284/3359/779
f 1335/3418/780 579/3419/780 578/2452/780 1352/2451/780
f 1188/2597/781 1193/2737/781 237/2736/781 236/2595/781
f 369/3420/782 739/3421/782 717/2280/782 370/2279/782
f 1373/3422/783 600/3423/783 623/3424/783 1371/3425/783
f 1377/3426/784 601/3427/784 600/3428/784 1373/3429/784
f 1053/3430/785 1046/3431/785 171/3432/785 170/3433/785
f 1276/3434/574 573/3435/574 572/3436/574 1311/3437/574
f 1331/3438/786 1361/3439/786 597/3440/786 596/3441/786
f 1179/3442/787 1196/1958/787 269/1961/787 268/3443/787
f 428/3444/788 727/3445/788 719/3446/788 429/3447/788
f 1372/3448/789 616/3449/789 615/3450/789 1368/3451/789
f 610/323/790 1299/3452/790 1286/324/790
f 191/1608/791 186/1622/791 187/3453/791 190/3454/791
f 974/3455/792 973/3456/792 146/3457/792 145/3458/792
f 627/3459/793 626/3460/793 1379/3461/793
f 555/3462/794 554/3463/794 1302/3464/794 1305/3465/794
f 1397/3466/795 673/3467/795 672/3468/795 1369/3469/795
f 1252/547/796 1267/3470/796 589/3471/796 588/545/796
f 1309/611/797 1331/3438/797 596/3441/797 595/609/797
f 1289/3472/798 1329/3473/798 580/3474/798 590/3475/798
f 1220/3476/799 1223/3477/799 343/3478/799 342/3479/799
f 381/582/800 380/3304/800 740/583/800
f 350/309/801 1205/3480/801 1206/310/801
f 1085/2484/802 1116/325/802 253/327/802 252/2485/802
f 1305/3465/803 1343/3481/803 556/3482/803 555/3462/803
f 254/1671/1 249/1670/1 250/2963/1
f 1250/561/804 567/3483/804 566/3484/804 1266/3485/804
f 564/3486/297 1336/3487/297 1288/3488/297 565/3489/297
f 1247/578/805 631/3490/805 630/3491/805 1268/3492/805
f 800/491/650 487/490/650 486/527/650
f 1419/3493/806 707/3494/806 706/2664/806 1415/2663/806
f 876/3495/807 877/3496/807 501/3497/807 500/3498/807
f 760/3499/808 761/3500/808 432/3501/808 431/3502/808
f 731/2281/809 372/3503/809 371/2282/809
f 530/3504/810 529/3274/810 861/3273/810
f 1223/3505/811 1218/3506/811 344/3507/811 343/3508/811
f 1357/2766/812 1334/3509/812 604/3510/812 603/2767/812
f 195/3266/813 197/3265/813 198/1620/813 199/1619/813 200/1612/813 194/1611/813
f 1249/277/814 1256/3511/814 552/278/814
f 1090/2075/815 1098/2668/815 226/2667/815 225/2073/815
f 265/3512/816 1083/3513/816 1081/3514/816 266/3515/816
f 833/3516/817 838/3517/817 366/3518/817 365/3519/817
f 1279/3520/818 657/3521/818 656/3522/818 1303/3523/818
f 336/3524/819 1084/3525/819 1057/3526/819 337/3527/819
f 561/607/820 570/574/820 1321/576/820
f 1306/240/821 1325/2644/821 613/256/821
f 448/1965/822 447/3215/822 767/1966/822
f 260/2064/823 1166/2063/823 1168/3313/823 261/3312/823
f 606/3528/824 605/3529/824 1333/3530/824 1349/3531/824
f 1338/3532/825 643/3533/825 642/3534/825 1354/3535/825
f 1291/3536/826 595/3537/826 594/3291/826 1281/3290/826
f 1342/3538/825 663/3539/825 662/2780/825 1366/2779/825
f 1356/3540/827 1383/3541/827 582/3542/827 581/3543/827
f 1290/3544/828 575/3545/828 574/2807/828 1280/2806/828
f 1337/3546/825 599/3547/825 598/3363/825 1353/3362/825
f 1362/3548/829 1386/3549/829 625/3550/829 624/3551/829
f 241/2508/830 1177/2507/830 1163/3552/830 242/3553/830
f 1236/3554/831 1238/3555/831 1237/2690/831 329/2676/831 1233/6/831
f 506/3556/832 505/507/832 887/509/832
f 1120/2565/833 1198/3557/833 196/3558/833 195/2566/833
f 736/3559/834 737/3560/834 513/3561/834 512/3562/834
f 1260/606/835 552/278/835 1256/3511/835
f 95/624/836 915/2213/836 954/251/836
f 1311/3437/837 572/3436/837 571/3563/837 1320/3564/837
f 1312/2873/838 592/2872/838 591/3565/838 1322/3566/838
f 568/560/839 567/3483/839 1250/561/839
f 1332/3567/840 669/3568/840 668/3569/840 1330/3570/840
f 1350/3571/841 1381/2787/841 562/2786/841 561/3572/841
f 1253/259/842 1269/3573/842 653/3574/842 652/257/842
f 31/1455/843 20/1454/843 21/3575/843 22/3576/843 23/3577/843 24/3578/843 25/1458/843 26/1457/843 27/3579/843 28/3580/843 29/3581/843 30/3582/843
f 640/2165/844 639/360/844 1345/362/844
f 1103/3583/845 1093/3268/845 311/3269/845 310/3584/845
f 660/3320/846 659/567/846 1346/569/846
f 1300/3374/798 1328/3365/798 644/3368/798 654/3375/798
f 1028/3585/847 151/3586/847 150/3587/847 1029/3588/847
f 534/2825/848 868/2824/848 862/3589/848
f 1089/3590/849 1087/2040/849 203/2039/849 202/3591/849
f 39/2194/850 38/214/850 939/216/850
f 695/3592/851 694/3593/851 693/3594/851 1407/3595/851 1412/3596/851 1425/3597/851
f 874/3598/852 878/3599/852 504/3600/852 518/3601/852
f 85/3389/853 84/387/853 935/389/853
f 551/3602/854 1251/3603/854 1249/3604/854
f 1266/3605/855 566/3606/855 565/3489/855 1288/3488/855
f 97/3607/856 96/250/856 1007/252/856
f 1363/3608/857 1354/3535/857 642/3534/857 641/3609/857
f 1388/2124/858 583/2123/858 582/3542/858 1383/3541/858
f 1271/3610/859 586/3611/859 585/2605/859 1296/2604/859
f 1091/2658/860 1110/3407/860 247/3406/860 246/2659/860
f 584/2602/861 1375/3612/861 1344/2603/861
f 1379/3461/862 626/3460/862 625/3550/862 1386/3549/862
f 295/3613/863 1070/3614/863 1065/266/863 296/265/863
f 770/3615/864 760/3616/864 431/3617/864 430/3618/864
f 186/3619/865 185/3620/865 1187/3621/865 1190/3622/865
f 609/160/866 1326/586/866 1299/161/866
f 627/619/867 1379/3623/867 1339/620/867
f 624/622/868 634/594/868 1324/596/868
f 331/3195/869 329/3194/869 330/3624/869
f 1045/3625/870 1032/3626/870 167/3627/870 166/3628/870
f 200/2681/871 1152/314/871 1107/3629/871 201/3630/871
f 1067/3631/872 251/3632/872 250/3633/872 1066/3634/872
f 379/3635/873 378/513/873 764/515/873
f 839/1452/874 828/2035/874 375/1450/874
f 1424/3636/875 1404/3637/875 710/3638/875 709/3639/875
f 1343/3481/876 1359/3640/876 557/3641/876 556/3482/876
f 201/3630/877 1107/3629/877 1089/3642/877 202/3643/877
f 1406/3644/878 692/3645/878 691/3646/878 1409/3647/878
f 1257/3648/879 1275/3125/879 544/3124/879 543/3649/879
f 153/3650/880 152/3651/880 1031/3652/880 953/3653/880
f 1320/3564/881 571/3563/881 579/3654/881 1335/3655/881
f 1273/3656/882 1301/575/882 570/574/882 569/3657/882
f 1329/3473/883 1356/3658/883 581/3659/883 580/3474/883
f 1322/3566/759 591/3565/759 599/3660/759 1337/3661/759
f 1267/3662/884 1289/3472/884 590/3475/884 589/3663/884
f 302/2845/885 1191/2844/885 1161/3664/885 303/3665/885
f 1313/3327/837 636/3326/837 635/3352/837 1323/3351/837
f 526/2797/886 525/2973/886 867/2798/886
f 588/545/887 587/3666/887 1255/546/887
f 1303/3523/837 656/3522/837 655/3370/837 1318/3369/837
f 632/577/888 631/3490/888 1247/578/888
f 678/2769/889 677/3667/889 1395/3668/889 1394/2810/889
f 1255/546/890 587/3666/890 586/3669/890 1271/3670/890
f 1030/3671/891 1033/3672/891 158/3673/891 157/3674/891
f 495/3675/892 494/3676/892 756/3677/892 775/3678/892
f 1314/2989/893 617/232/893 616/3679/893 1372/3680/893
f 652/257/894 651/3321/894 1248/258/894
f 1268/3681/895 630/3682/895 629/2373/895 1297/2372/895
f 1285/3683/896 650/3684/896 649/2068/896 1298/2067/896
f 1005/3685/897 1006/3686/897 89/3687/897 88/3688/897
f 711/3689/898 710/3690/898 1404/3691/898 1410/3692/898
